0.3289783,0.21200109,2
0.9907067,0.047890544,3
0.18640172,-0.9671072,3
0.64287746,0.72853637,1
0.5206013,-0.28026342,1
-0.55586135,-0.64218867,2
-0.14374411,-0.06859064,4
-0.25802863,0.46084177,1
-0.7934382,-0.13083124,4
0.08845556,0.4223647,2
0.78426266,-0.37135804,1
0.8340634,0.75216556,1
0.87976813,0.14854372,3
-0.800092,-0.9274248,4
0.5089686,-0.6135355,1
-0.22068977,-0.3181504,1
-0.11839485,-0.8394854,4
-0.99469113,-0.93671393,4
-0.20315361,0.31385124,1
-0.1888839,-0.6835896,1
-0.074486494,-0.862463,4
-0.6019107,-0.52547514,2
0.3088894,0.8824134,2
0.38437676,0.4895953,2
-0.95581305,-0.33436823,4
-0.40791285,0.41439295,1
0.31975877,0.0012863874,3
0.077941656,-0.7472336,3
-0.97656596,0.832641,4
0.73949337,0.9979038,3
-0.07930255,-0.50262284,1
-0.26505482,0.6077342,1
0.762709,0.10499489,3
-0.8805357,-0.19528592,4
-0.95437336,0.8411193,4
-0.61400604,0.5189282,2
0.9417658,-0.36260474,3
0.14648283,-0.9402987,3
0.13054574,-0.73547506,2
0.92401755,0.39905715,1
0.87484443,-0.56728804,1
0.15263379,-0.3661338,2
0.24955738,0.037466645,3
-0.014075398,-0.7278217,4
-0.50174797,0.7947824,2
-0.33446944,0.6290436,1
-0.8334565,0.5997559,2
-0.9549695,-0.35964298,4
-0.93584704,-0.1453085,4
0.7337146,0.78843,1
-0.1002779,0.49073303,1
-0.6704495,-0.28512895,2
0.30283594,0.60150087,2
-0.2560755,-0.7340543,1
-0.88298345,0.5747193,2
-0.14371407,-0.8798301,4
-0.43232024,0.81128836,1
0.12970781,0.39096773,2
-0.036628127,-0.07017708,4
-0.3950498,-0.5614265,1
-0.20850813,0.54374766,1
0.38843107,0.9809855,3
-0.23314142,0.94923425,4
-0.3425821,-0.96404386,4
-0.040153384,-0.53651154,4
-0.09618163,-0.5167551,1
-0.52139795,0.6982826,2
-0.012495995,-0.5065737,4
0.24650538,0.14357138,2
0.21372771,-0.23253596,2
0.67228615,-0.62283015,1
0.510708,0.66728234,1
-0.042050242,-0.27830386,4
0.56795347,0.7452191,1
-0.5378245,0.858436,2
-0.010311365,0.9092864,4
0.9985174,-0.19514,3
-0.11158025,0.15761292,4
0.79430914,-0.30014837,1
-0.55993867,0.3015654,2
0.6945776,0.356187,1
0.5742099,0.8513571,1
-0.7762811,-0.22242427,2
0.7924379,-0.104785085,3
0.50564253,-0.5519757,1
0.9864521,0.65441203,3
-0.48877025,-0.25894654,1
0.74045753,0.88894427,3
-0.5977416,-0.7717116,2
0.9031633,0.5658444,1
0.15660226,-0.13972723,3
-0.059114337,0.44387197,1
0.5049759,-0.7775599,1
-0.24827135,0.39058113,1
-0.6695185,-0.4823606,2
-0.96931374,-0.5971608,4
0.9556538,-0.8186506,3
-0.9932281,0.17824817,4
-0.42418337,0.59086597,1
-0.7127012,-0.43261838,2
-0.06820059,-0.9142877,4
-0.21624649,-0.13369477,4
-0.8798766,-0.7200819,2
-0.81781733,0.38276172,2
0.21660662,-0.36943686,2
0.36370647,0.38119674,2
-0.32683945,-0.44980466,1
0.56401694,0.8912282,1
0.8018011,0.53882194,1
0.15210319,-0.88274086,3
-0.8197026,-0.7042302,2
-0.24322665,0.6359395,1
-0.37264037,0.39070547,1
0.40491986,-0.8083607,2
-0.83995056,-0.42935884,2
-0.5307919,0.8327483,2
0.75161994,0.3062204,1
-0.0524534,-0.83550787,4
-0.025033236,-0.20738709,4
-0.9138545,0.5743153,2
0.997254,0.7808498,3
0.06726861,0.017245889,3
-0.33174133,-0.3064692,1
-0.35174465,0.09077954,1
-0.5669725,0.2499317,2
0.7776209,-0.90226567,3
0.8442433,-0.028732657,3
-0.37414646,0.16348588,1
0.9282234,-0.4548775,1
0.7329984,0.46951234,1
-0.52108574,0.09297633,2
0.45358503,-0.32697117,2
0.456061,0.3067261,2
-0.7855201,-0.35630977,2
-0.48238134,-0.49421847,1
0.716673,-0.03985858,3
-0.17560697,-0.3714391,1
0.812906,0.025131106,3
-0.34995675,-0.3697946,1
0.86575055,-0.81227636,3
-0.92358196,-0.26257157,4
-0.2971766,0.5708786,1
-0.2515881,0.44328296,1
0.38611615,0.21456778,2
0.93109846,0.34713638,3
0.7309915,-0.8628081,1
0.112995505,-0.79755235,3
0.458583,-0.37389302,2
0.3224268,0.47742116,2
0.93572354,-0.21741617,3
0.8897444,-0.08208382,3
-0.67707837,-0.48522413,2
0.34863603,-0.008995533,3
-0.43158913,0.8977736,1
-0.19194925,0.5504396,1
0.79122186,-0.6376593,1
0.75690424,0.877408,3
-0.7938409,0.44947898,2
-0.26764357,0.59292996,1
0.6573292,0.9488188,3
-0.5339439,0.40004587,2
-0.87545586,0.85349035,4
-0.57047796,0.6886097,2
-0.8901619,0.59737706,2
-0.43078554,0.6234971,1
0.74206924,-0.96651495,3
-0.5754237,0.24497616,2
-0.32004583,0.26185966,1
-0.23968565,-0.44924068,1
-0.3470106,-0.92444634,4
-0.14933038,0.62200713,1
0.7418624,-0.026635528,3
-0.8071612,0.12566936,4
-0.46725893,-0.4455719,1
0.7947564,0.40468347,1
0.13207221,0.98455393,3
0.40609086,0.6935698,2
0.030296803,-0.9140849,3
-0.20126355,-0.48596466,1
-0.9344698,-0.4148537,2
0.14377284,0.16369212,3
-0.34565723,-0.048943758,4
-0.1035136,0.46756768,1
0.20012832,0.009306908,3
-0.3584094,-0.9203861,1
-0.3847469,0.74104893,1
0.8504176,-0.030944824,3
0.43755686,-0.88458264,2
-0.7249404,0.07954252,4
-0.39758563,0.88797987,1
0.09689772,0.18934166,3
-0.1527183,-0.4090302,1
-0.6643611,-0.18393421,2
-0.44346774,0.6749394,1
0.31807804,0.59391713,2
-0.03824413,0.32010055,4
-0.85722613,-0.6945988,2
0.6391293,-0.1399033,1
-0.4716283,-0.020313144,4
-0.38520098,0.24853694,1
0.70138216,0.8890656,1
-0.1934787,0.40283573,1
-0.902971,0.5024879,2
0.48141086,-0.4094944,2
0.6787684,-0.4837196,1
-0.3368615,-0.053934455,4
-0.7760371,0.90854955,4
-0.47389066,-0.45559347,1
-0.39809155,-0.106687546,1
0.59913564,0.68733406,1
0.044176698,0.92723227,3
-0.3217845,0.8188319,1
-0.13450384,-0.8036516,4
-0.39018905,-0.93761027,4
-0.24314833,0.8390243,1
-0.77366793,0.21776688,2
0.3930987,-0.49261498,2
-0.3505628,-0.7316469,1
0.958356,-0.3980875,3
0.6605935,-0.7064204,1
-0.39178026,0.90801203,1
0.88968074,0.06967342,3
0.70413625,-0.39911425,1
0.9900918,-0.3513279,3
-0.25097704,-0.7461469,1
0.8328655,-0.44143736,1
0.7326603,0.0794698,3
-0.07578921,-0.14857078,4
0.4999212,0.052821636,2
-0.12708342,0.58261395,1
-0.24472082,0.61883354,1
-0.26956904,-0.8706323,1
0.4151914,-0.41675973,2
0.6018963,0.40582883,1
-0.2509179,0.64914715,1
-0.93250775,-0.9878452,4
0.67422426,0.41325867,1
0.92762256,-0.16470921,3
0.7855195,0.90951097,3
0.6416342,-0.080569744,1
-0.66502357,0.8209028,2
0.8979392,-0.4757607,1
0.08577442,0.016919613,3
-0.8550434,-0.6768693,2
-0.55835795,0.26447034,2
-0.98021483,0.45331633,4
0.71456254,-0.13863933,1
-0.3912238,-0.438717,1
-0.90548575,0.015885592,4
-0.18371308,-0.3047315,1
-0.39275217,-0.5867083,1
-0.95882,0.6399962,4
-0.095537424,-0.65498734,1
0.3826785,-0.51559186,2
-0.5291387,-0.28862035,2
0.01680541,0.43264973,3
0.13140178,-0.7691821,3
-0.21807086,-0.65935135,1
0.50781417,-0.7074748,1
-0.25179613,-0.4299605,1
0.24558425,-0.52433515,2
-0.7364603,-0.4610523,2
-0.11819899,-0.86716306,4
0.09197676,-0.9874902,3
-0.34750092,-0.68808794,1
-0.5059569,-0.43149388,2
-0.6214106,-0.7126386,2
0.92919505,0.8048644,3
-0.113386035,0.11537814,4
-0.74467254,-0.60791385,2
0.81009865,-0.15198588,3
-0.5915544,0.8371165,2
-0.29384875,-0.32187283,1
0.3969729,0.29432797,2
0.36836922,0.5832976,2
0.651176,0.5689012,1
-0.7894597,0.64341927,2
0.22137594,-0.10103893,3
-0.6432675,0.6800345,2
-0.3071655,0.6226418,1
-0.64585817,-0.8314401,2
0.9355111,0.5383189,1
-0.49131083,0.3764826,1
-0.3303671,0.9103253,1
0.04429519,-0.343225,3
0.3207569,-0.42541468,2
0.45071065,-0.042159557,3
-0.44041288,-0.46899128,1
0.38868952,-0.51287365,2
0.35229456,0.500713,2
0.77338076,0.57929265,1
0.14781725,0.060944676,3
0.59651494,0.07187581,1
-0.85783803,0.68997204,2
0.6459943,-0.31161642,1
-0.6900798,0.05547571,4
0.5398023,-0.7164054,1
0.2851267,-0.4833976,2
0.94293916,-0.5623493,3
-0.8064482,0.59162104,2
-0.9541861,-0.680295,4
0.4541185,-0.76394284,2
-0.5541146,-0.58991194,2
0.4271871,-0.4974662,2
0.61829925,-0.5899651,1
0.9220396,0.4918443,1
0.84401083,-0.7758492,1
0.09635401,-0.41021585,2
0.47488427,0.42335284,2
-0.4206494,0.60698223,1
-0.024805069,0.1416527,4
0.90146375,-0.45332038,1
0.5398154,0.3917445,1
0.9719068,-0.07838988,3
-0.96568274,-0.32894862,4
0.64768946,-0.41439533,1
0.3457327,0.2470802,2
0.9010978,-0.64570034,1
-0.6795013,-0.6597494,2
0.016173005,-0.16537225,3
-0.32490098,-0.34828484,1
-0.7915782,-0.90686166,4
0.503325,-0.69280136,1
0.4271679,-0.5466145,2
0.21136713,-0.29404616,2
-0.49079502,-0.13633549,1
-0.6411998,0.28319192,2
0.7295549,0.11552346,3
-0.5280838,0.52770126,2
-0.15474808,0.5742545,1
-0.54102457,-0.63705647,2
-0.5625068,-0.98526347,4
-0.14075291,-0.7748859,4
-0.5062052,-0.6944269,2
-0.60509443,-0.21288979,2
0.28380048,-0.12628174,2
0.79387414,-0.37904584,1
0.5001826,0.58921957,1
-0.22921348,-0.592886,1
0.9709821,-0.42990673,3
0.5818083,-0.76225936,1
-0.10566425,0.71171176,4
0.42783046,0.6787369,2
0.1746577,0.94067323,3
0.9214761,-0.4843166,1
0.0060623884,0.38347065,3
-0.86036,0.3801056,2
0.09046173,-0.9148569,3
0.76937544,0.010775328,3
-0.18808174,0.52848005,1
-0.6334555,-0.06867623,4
-0.88567615,-0.9374515,4
-0.33928037,0.40830803,1
-0.1736368,0.17881536,4
-0.43543613,-0.8128474,1
-0.39264,-0.74127877,1
-0.4792248,-0.4125322,1
0.6925515,-0.50075305,1
0.015371323,-0.119222045,3
-0.87956274,0.90004635,4
0.5045525,0.68556094,1
-0.6668335,-0.17935729,2
-0.8231739,-0.48415697,2
-0.06019938,0.19873881,4
0.46696126,-0.8641962,2
0.28929222,0.22690725,2
0.1493535,0.43557167,2
-0.636021,-0.5629351,2
-0.7075043,0.9905081,4
-0.29461098,0.71871364,1
-0.98835015,0.041937947,4
-0.26648414,0.93270564,4
0.50296605,-0.5081198,1
-0.688979,-0.7317035,2
0.49989593,0.69448876,2
0.90889895,-0.72526944,3
-0.6862496,0.81554425,2
-0.29493928,0.18309247,1
0.7878628,-0.31243992,1
0.628389,0.4794103,1
0.6234882,-0.8127109,1
0.26567423,0.11202991,3
-0.029000163,0.8862699,4
-0.023721576,-0.21263349,4
0.29909587,-0.83856916,2
-0.91053355,-0.24321699,4
0.2657944,0.09581292,3
0.053438783,0.7083199,3
0.5574318,0.74957263,1
0.5057486,-0.10867405,1
-0.09359956,0.045220494,4
-0.13416004,0.61696446,1
-0.75310314,-0.6985661,2
-0.083036065,-0.35336912,1
-0.7462684,-0.014107704,4
0.43305957,0.7132623,2
-0.6032926,0.56481194,2
-0.016112804,-0.81662166,4
0.72792053,-0.66315687,1
0.16761994,0.4827175,2
-0.47147238,0.18962932,1
0.5042926,-0.14594483,1
-0.16675162,0.55275464,1
-0.31267178,0.92695284,4
0.91460884,0.091412306,3
0.7263619,0.746838,1
0.7653518,-0.5524441,1
0.39661348,0.78218126,2
-0.78147185,-0.44756615,2
-0.70681775,-0.89282846,2
0.87371755,-0.4245975,1
0.409191,-0.29707217,2
0.7690774,0.7141473,1
-0.46773684,-0.45103216,1
-0.40182257,0.9525616,4
-0.31679368,-0.039378285,4
0.09480512,0.20242739,3
0.3840773,-0.8041303,2
-0.59367836,0.3978516,2
-0.39865696,-0.4085511,1
-0.7138338,-0.9724761,4
-0.09378886,0.9340334,4
0.7294481,-0.9240726,3
0.6522051,-0.8748852,1
-0.7458118,-0.38647294,2
0.99478734,0.8114071,3
-0.0721277,0.4468397,1
-0.6443875,-0.9640615,4
0.0190171,-0.16246867,3
-0.26760077,0.28449035,1
0.9121231,0.75694,3
0.1232785,-0.1200403,3
-0.21134448,-0.7034234,1
-0.3981228,-0.507918,1
-0.79524803,0.450343,2
-0.6423377,-0.2834891,2
0.77766335,0.67083657,1
-0.302217,0.026533842,4
-0.05180919,0.43679738,4
-0.2343775,-0.14003241,4
-0.5324589,-0.98558664,4
0.022607803,0.77654815,3
0.6472902,0.02095902,3
0.59982145,0.2671597,1
0.32496977,0.0804888,3
-0.027772784,0.33156884,4
-0.7191205,-0.52030087,2
0.33966124,-0.06181109,3
0.87103605,-0.62452483,1
-0.8047569,0.1663332,4
0.8248874,-0.2317791,1
0.18485892,-0.40683436,2
0.4340222,0.53719425,2
-0.8465756,0.3651675,2
0.20027089,0.6424005,2
-0.34140325,-0.41535783,1
0.92029536,0.8450099,3
0.91553175,-8.7571144E-4,3
-0.80780315,0.6039053,2
-0.39648747,-0.48471355,1
-0.49771857,-0.8047745,1
-0.015605807,-0.56492615,4
0.9826304,-0.493711,3
0.90262043,-0.64739454,1
0.24946535,-0.28705,2
0.28717947,-0.1656177,2
0.5966809,-0.59560513,1
-0.6314148,0.9672915,4
0.4178102,0.32202744,2
0.85138094,-0.110182166,3
0.7837657,-0.71395075,1
0.41859663,-0.030965567,3
-0.6350595,0.05751431,4
0.1441226,-0.54715204,2
0.63784957,0.6941595,1
-0.6115792,0.4734031,2
-0.12710989,-0.31941915,1
0.5699569,0.11950374,1
0.60672486,-0.0710237,1
0.6380341,0.0056687593,3
-0.96283376,-0.7563993,4
-0.79758406,0.07150185,4
0.44849753,0.5144186,2
0.96257234,0.13220859,3
0.8203367,-0.34641147,1
0.4671471,0.5103332,2
0.16414976,0.9190016,3
0.24615502,0.60738957,2
0.8702966,0.99503005,3
0.19954753,-0.12445903,3
-0.03174925,-0.8589541,4
0.7824758,0.833604,1
0.2678287,0.39854443,2
0.26738763,-0.29557407,2
-0.044406533,-0.3005073,4
0.23487508,0.2543894,2
0.49502146,0.57970655,2
0.7789924,0.46893477,1
-0.720266,-0.18421984,2
-0.18005967,0.9353322,4
-0.89443827,0.82274914,4
0.7901281,-0.98349905,3
0.38011742,0.12889063,2
0.9725082,-0.9652796,3
0.3298756,-0.8532456,2
0.37781823,-0.6548773,2
0.07767439,-0.845196,3
0.48626935,-0.87432134,2
-0.8374603,-0.33266532,2
0.96689343,-0.64101875,3
0.20447803,-0.11675382,3
-0.076993704,0.4037782,1
-0.64365876,0.7546954,2
0.87515545,-0.02058494,3
-0.15874922,-0.6012466,1
-0.05517733,0.69888735,4
-0.81318283,-0.51064026,2
-0.8143846,-0.47291744,2
-0.79278207,0.2197181,2
0.14754796,0.9072888,3
-0.14694345,0.1297288,4
-0.74065614,-0.3553381,2
-0.21999621,-0.83177924,1
-0.040164948,0.9698576,4
-0.054997206,0.83103967,4
-0.5299525,-0.80454874,2
0.31897235,0.015095592,3
0.22128892,0.8443583,2
-0.46555555,-0.3068242,1
-0.92843175,-0.4482504,2
0.123616815,-0.1111871,3
0.16430116,0.05468726,3
-0.86365974,0.36517215,2
-0.49792528,0.47791183,1
-0.9206964,0.49340868,2
0.69808507,-0.65285146,1
0.03907156,0.8971523,3
-0.11620319,0.4164902,1
0.8258827,-0.45017254,1
0.1297406,-0.2563784,2
-0.6833255,-0.6941787,2
-0.005267501,0.40188742,4
0.73037684,-0.44331348,1
0.75600255,-0.14625919,1
-0.78694844,-0.592469,2
0.56883216,-0.94553626,3
0.25316656,-0.039389253,3
0.12065542,-0.30702662,2
0.5276201,0.8733244,1
-0.57625484,-0.8509444,2
-0.23221064,-0.8670714,4
-0.8435739,0.45075154,2
-0.8661945,0.17325664,4
0.6202911,0.10537839,1
0.9276787,0.1686573,3
0.9164927,0.6625736,1
-0.17375898,0.10268068,4
0.6253977,-0.58619726,1
-0.73113525,-0.54464984,2
0.14957833,0.062260747,3
0.31948984,0.9210757,3
0.28032172,-0.5114914,2
-0.10413051,-0.79648364,4
-0.4160763,-0.97468174,4
0.4105562,-0.21561193,2
0.2685529,0.73103714,2
-0.18127382,0.68696475,1
-0.54073703,-0.038383603,4
-0.9305923,-0.8852557,4
0.7328732,0.6907755,1
-0.20774102,-0.18943381,1
0.5822542,-0.724628,1
-0.46381712,0.82678723,1
0.708627,-0.8750732,1
0.35446084,0.8045654,2
-0.02035582,0.58267784,4
-0.6192882,-0.08222461,2
0.12033069,-0.5109689,2
-0.8309872,-0.6612816,2
0.084775925,-0.23840904,3
0.91942954,-0.1710217,3
0.23133528,0.9301212,3
-0.25231373,-0.84383154,1
-0.68312573,0.10705936,2
-0.61328363,-0.80121076,2
-0.35867512,-0.7918905,1
-0.8384211,0.44611657,2
-0.101126075,-0.62727165,1
-0.17784762,-0.8466302,4
0.19402099,0.1370219,3
0.4458338,-0.39401817,2
-0.19161713,-0.19606185,1
0.7621256,0.11852801,3
0.48753285,-0.8837935,2
0.06069529,0.78788924,3
-0.13229966,-0.59901524,1
-0.4863137,-0.7130742,1
0.07237935,-0.8873373,3
-0.0075399876,-0.31904018,4
0.15263939,-0.40101254,2
0.040495396,0.3375994,3
0.87727916,-0.94084847,3
-0.13891733,-0.6499773,1
0.13622904,-0.68953454,2
0.30516386,-0.21983004,2
-0.07960975,-0.95123696,4
0.7468991,0.63300705,1
0.28220224,-0.15100121,2
-0.7107619,-0.6159917,2
0.94375265,-0.06486678,3
-0.6428652,-0.40658772,2
-0.8354982,-0.3628924,2
0.85153437,-0.44698787,1
0.251271,0.98851705,3
0.6235676,-0.16910446,1
-0.38713443,-0.20124519,1
0.087483644,0.21954274,3
-0.2643516,0.11144197,4
0.855917,0.07215917,3
-0.12912023,-0.2533605,1
-0.0834043,-0.1435417,4
-0.15273786,0.7836796,4
0.17123652,-0.60404515,2
-0.69828165,-0.30328453,2
-0.7478895,-0.45592594,2
-0.9119494,0.3847909,2
0.077788234,-0.309829,3
0.78811264,0.67713475,1
-0.70364845,-0.3207332,2
0.5060586,-0.16648638,1
-0.18741941,-0.50440025,1
-0.3530736,0.046080947,4
-0.7427434,-0.12316513,4
-0.37863457,0.58677936,1
-0.68504345,-0.7398683,2
-0.38496327,-0.20727623,1
-0.9039943,-0.11138666,4
0.23169923,-0.04284036,3
-0.43568146,-0.7912427,1
0.26205075,-0.032208085,3
0.7926264,0.9537363,3
0.62611973,-0.5639403,1
0.41828287,-0.47109842,2
-0.9532834,0.47502446,4
-0.94409287,0.8938272,4
0.87772703,-0.749009,3
0.05825758,0.37725568,3
-0.84228575,-0.8479682,4
-0.5940988,0.4797895,2
0.09143603,-0.26122868,3
0.6826427,0.3334105,1
-0.73415947,0.57885575,2
0.121757865,-0.8777381,3
0.7504312,0.28251684,1
0.18355203,0.35723805,2
-0.63656986,0.37479198,2
0.6745722,0.7756902,1
-0.36500442,-0.46119654,1
-0.79883826,0.05110717,4
-0.021815658,-0.121204495,4
0.9543954,0.09636104,3
-0.8200139,0.4723953,2
-0.8295078,0.08466172,4
0.22240365,0.056063056,3
0.852502,0.35763192,1
-0.4076947,0.31944907,1
-0.24136567,-0.99097395,4
-0.6250458,-0.7668544,2
0.57446337,0.40098357,1
0.5672978,-0.98388004,3
-0.5638678,0.36894917,2
0.99211943,0.83621466,3
0.43653083,-0.010590553,3
0.023077369,-0.1419859,3
0.83444035,-0.984465,3
-0.09517753,0.6918675,4
0.83728194,-0.6699492,1
-0.0856297,-0.803059,4
-0.9879271,-0.17115152,4
0.8835287,0.6471262,1
0.59844065,-0.7541262,1
-0.107464075,-0.16505742,4
-0.21472907,-0.32117295,1
-0.76153183,0.27504826,2
0.9332317,-0.4984237,1
0.34600616,-0.55841506,2
0.87470925,0.38457,1
0.171646,-0.74536884,2
0.92758596,0.1268034,3
-0.8145367,0.79902005,2
0.7779764,0.6762159,1
-0.6915655,-0.35153615,2
0.60896206,0.23014212,1
-0.36934853,0.97033393,4
0.9982563,0.7202592,3
-0.48962843,-0.2511629,1
-0.5704919,0.76025176,2
-0.78920186,-0.40977967,2
0.54284894,-0.3616984,1
0.8071172,-0.5772029,1
-0.695263,-0.054115057,4
-0.79180074,0.39302874,2
-0.54913294,0.6308687,2
-0.9156525,0.9588846,4
0.22584164,0.7344359,2
0.8545971,0.82175505,3
0.51765203,-0.18793392,1
-0.974306,-0.6969228,4
0.90323234,0.4490522,1
-0.26743627,0.102556586,4
-0.64584816,-0.3325075,2
-0.2693354,-0.7312932,1
0.9008287,0.097227335,3
-0.96082604,0.5228902,4
0.4527098,0.16696084,2
-0.5831897,0.81490076,2
0.28509426,0.28919268,2
-0.3631631,-0.18261325,1
-0.9735849,-0.0047744513,4
0.66322947,0.8103523,1
-0.060248256,0.56230736,1
0.14622748,0.5440918,2
-0.95263183,-0.8919476,4
-0.23616898,0.83399713,1
0.38657415,-0.9419565,3
-0.2711587,-0.875283,1
-0.87008035,-0.1223923,4
0.93260455,-0.4885652,1
-0.795403,-0.03894949,4
-0.3382281,0.82606316,1
-0.311859,-0.5397161,1
0.33947325,0.6457021,2
0.95455015,0.88517475,3
-0.67510986,-0.624208,2
-0.8575078,0.70172024,2
0.25413597,0.9732702,3
0.8922634,-0.52080154,1
-0.19931972,-0.86576366,4
-0.14114785,0.8879186,4
-0.06336951,-0.23909962,4
0.69424987,-0.074542284,3
-0.07043135,-0.21504152,4
-0.026218653,0.95799184,4
-0.6628214,0.6562654,2
0.92062664,-0.28261518,3
-0.63134384,0.36027968,2
-0.70691085,0.4132265,2
0.15420282,0.21500027,3
-0.995015,-0.872586,4
0.96934736,-0.9159831,3
0.04648292,-0.9112197,3
0.34823263,-0.6508796,2
-0.81222713,0.11457741,4
0.6194428,-0.007814527,3
0.4392768,0.19847548,2
0.8207433,-0.423496,1
-7.8856945E-4,0.07151365,4
0.5878426,0.58343387,1
0.66284215,-0.38020945,1
0.6408042,-0.601594,1
-0.35028684,0.77349555,1
0.36508644,0.85449827,2
-0.6913135,0.2552923,2
-0.06126523,-0.6082661,4
2.2768974E-4,0.16747987,3
-0.9894669,0.99197793,4
0.97674716,-0.5116074,3
-0.6151985,-0.32491922,2
-0.338107,0.22706914,1
-0.9029391,0.7202476,4
-0.72330725,0.24545264,2
0.03230965,0.29228008,3
0.21382189,-3.3318996E-4,3
0.48674834,-0.15365994,2
-0.60827374,-0.0170995,4
-0.7717197,-0.24549198,2
0.5298072,-0.8150002,1
0.37607193,0.89614725,2
0.9075885,-0.9628345,3
-0.7187768,-0.5082717,2
0.7691835,0.10956967,3
0.31673944,0.9023024,2
0.7051606,0.20687711,1
-0.3756504,0.28653705,1
-0.28596568,0.79948676,1
-0.7516515,0.38262415,2
-0.62672675,-0.819087,2
0.32389545,0.89823425,2
0.8243886,-0.995468,3
-0.028354049,-0.6609831,4
0.81902504,0.4825245,1
0.95605195,-0.96778977,3
-0.36499786,0.48918033,1
0.9462367,0.710238,3
-0.4638747,-0.031092763,4
0.11233258,0.5695044,2
-0.06822622,0.6817117,4
-0.18583012,-0.8720423,4
-0.66253006,0.607224,2
-0.907971,0.5436578,2
0.5227977,0.86042595,1
-0.36909103,-0.94594455,4
-0.73362887,-0.75777006,2
0.7017405,0.73674583,1
0.35850978,0.45636785,2
-0.5722288,-0.5818925,2
0.87155664,0.37728918,1
0.50578654,-0.03625512,3
-0.74266684,-0.23513997,2
-0.5650023,-0.2724588,2
0.064264774,0.6097131,3
-0.64235675,0.124150276,2
0.55768824,0.3835318,1
0.06219566,-0.7110566,3
0.3714584,0.29299164,2
0.59136975,-0.077968836,1
0.64418054,0.03242159,3
0.56297064,0.6575277,1
0.55738854,-0.7573731,1
0.86331964,0.7904705,3
0.4852332,0.06212437,2
0.20314813,0.72278154,2
0.3064394,0.8589251,2
0.30826306,0.0036064386,3
0.07138872,-0.081159234,3
-0.29294407,-0.058173656,4
0.9433888,-0.09076524,3
-0.5896317,0.21925569,2
-0.042049527,-0.88941824,4
-0.22607553,0.14804566,1
0.012925148,-0.6062316,3
0.7883252,0.7673652,1
0.99259377,-0.19333243,3
0.536533,0.09104347,1
0.9484589,-0.58672047,3
-0.044783592,-0.1156944,4
-0.2519728,0.103052974,4
0.9768137,-0.5949794,3
0.030976295,-0.23649013,3
0.037573814,0.7902819,3
-0.8182645,-0.8010967,2
0.5181993,0.05616212,1
0.37188113,0.100462794,2
-0.57561696,0.016907573,4
-0.3907056,-0.74476933,1
0.28208232,-0.5143461,2
0.749477,0.9521971,3
0.36563027,-0.2857505,2
0.20469368,0.54429734,2
0.8258265,-0.35654616,1
-0.21305835,-0.40302014,1
0.651309,0.80141795,1
-0.0694356,0.6488787,4
0.57235587,0.8989669,1
-0.8196465,0.8842728,4
-0.32436132,0.77204454,1
-0.9468452,0.9333706,4
0.5964186,-0.5817193,1
-0.5314714,0.44417262,2
0.42756808,0.72575045,2
0.21135545,0.28411806,2
0.95020664,-0.9863597,3
0.182132,0.41256058,2
0.24747133,0.76898015,2
-0.613976,-0.7957704,2
-0.7089157,-0.30064666,2
-0.8822707,-0.20663643,4
-0.44873118,-0.6866653,1
0.055317998,0.7485347,3
0.21676338,-0.7706667,2
0.9531504,0.8859626,3
-0.85296834,-0.0031899214,4
0.32369184,0.49723303,2
-0.5816643,0.7450037,2
-0.54626536,-0.17506742,2
-0.7445369,-0.03689301,4
0.8766719,-0.2078296,3
0.5291531,-0.6716981,1
0.1147362,-0.7890688,3
0.89446974,-0.943553,3
-0.75952816,0.7975737,2
0.37762678,0.73303807,2
-0.7566327,0.055699706,4
0.899371,-0.87590456,3
-0.9850297,0.5974605,4
0.24458861,0.85887694,2
-0.79533803,0.820778,2
-0.4758799,0.06605518,1
-0.49948227,0.5048368,1
0.6809437,0.6357312,1
-0.16145563,-0.8013246,4
0.3052354,0.5311626,2
-0.5464996,0.03317976,4
-0.5410856,-0.09763515,2
0.9011924,-0.533118,1
-0.33102334,0.2310834,1
0.582536,0.5685998,1
0.31025875,-0.40847492,2
-0.20801413,0.73924255,1
0.6236192,-0.27153206,1
-0.16336572,-0.31853926,1
0.24742246,0.07493448,3
0.7980344,-0.75414014,1
0.802516,0.2527976,1
0.5386038,-0.77086616,1
-0.5313386,0.8749931,2
0.62148416,0.8918307,1
0.10995829,0.60721195,2
0.9814433,0.9269446,3
0.115751624,-0.8839489,3
0.05050242,0.7767607,3
-0.72931874,0.551878,2
-0.767593,-0.09772968,4
0.48297882,-0.93336487,2
-0.7069553,0.10114622,4
-0.3048197,0.18422592,1
0.57888687,-0.1028713,1
-0.33131802,0.9150207,4
0.71321285,-0.05765295,3
-0.7531593,0.78364086,2
-0.6977917,-0.7525047,2
0.11569774,-0.4759376,2
-0.5067884,-0.24797893,2
-0.26679552,0.34796786,1
-0.72011125,0.5429735,2
0.004637718,-0.6727921,3
0.08961964,0.10852635,3
0.24253118,0.6214502,2
0.29386055,0.95833397,3
0.044001102,-0.24386227,3
0.26089025,0.25194156,2
-0.1918664,-0.20151067,1
0.86161506,0.64883006,1
-0.15628958,0.63148844,1
0.91370165,-0.76400673,3
-0.69319856,0.2848792,2
-0.09082425,-0.68591297,4
-0.23626924,0.8016319,1
-0.9510207,-0.84967935,4
-0.016049623,-0.092066884,4
0.66926277,0.060751557,3
0.8970146,-0.019500017,3
0.6841172,-0.20185232,1
0.54696536,-0.21081352,1
0.8149631,-0.9680171,3
0.6760901,-0.78604114,1
0.7861252,0.45857584,1
0.37953186,0.7281271,2
-0.9713247,0.9222512,4
0.48519015,-0.30474722,2
-0.02886331,-0.08065212,4
-0.8964199,0.3926667,2
-0.04195118,0.458807,4
0.61489797,0.75355303,1
-0.99108946,0.8350755,4
0.4517933,-0.1281656,2
0.82509446,0.20656872,1
0.9138613,-0.24433637,3
0.016665697,0.6475651,3
-0.7875407,0.21844089,2
-0.1684103,-0.35892856,1
0.5722072,-0.61054957,1
-0.36520946,0.79901505,1
-0.13022542,-0.505777,1
0.9433638,-0.6654917,3
-0.38613272,-0.6614245,1
0.4476714,0.7754984,2
0.48653543,0.52724755,2
-0.36200726,-0.6872134,1
-0.11990023,-0.28836334,1
0.44608772,-0.36271262,2
-0.6375185,-0.8988812,2
-0.2351067,0.16691065,1
0.5540755,0.7548238,1
0.4233253,-0.87578535,2
-0.9496168,-0.38220334,4
0.7937546,-0.66010165,1
0.60647094,-0.6442766,1
-0.14463961,-0.83159196,4
0.4232943,0.41060245,2
-0.5832993,-0.83917964,2
-0.06541014,-0.36308563,4
-0.9638262,0.70337546,4
0.6602167,-0.16874969,1
-0.27846837,-0.33954728,1
0.4226153,0.5415174,2
-0.97754645,0.027559042,4
-0.7462436,0.9945133,4
-0.03216064,-0.021586895,4
-0.3318323,-0.27112675,1
-0.71235025,-0.33788633,2
-0.5578276,-0.3636086,2
-0.6252456,-0.7404494,2
-0.29957223,0.32704246,1
-0.106451035,0.6368135,1
0.8295549,-0.07357621,3
-0.73147345,-0.66225636,2
0.65765715,-0.87016726,1
0.4582373,0.44462097,2
0.38169086,-0.72795665,2
-0.5599016,-0.78184557,2
-0.9029697,-0.32042074,2
0.2325238,-0.47539723,2
-0.5284928,-0.8373543,2
0.62728524,-0.60562265,1
0.37726712,-0.6570854,2
0.19260263,-0.9354893,3
0.19680989,0.92330384,3
-0.33687615,0.37481058,1
0.38463795,-0.034716487,3
-0.78506947,0.15849006,2
0.8043629,0.88283086,3
-0.9785898,0.44296896,4
-0.23451686,0.9809736,4
0.120002985,0.9120176,3
-0.271819,0.9081534,4
-0.7576035,0.63934946,2
-0.21652222,-0.041054726,4
-0.34508634,-0.044688582,4
0.48623836,-0.48327065,2
-0.9639282,0.227849,4
0.9374409,0.48076463,1
-0.6697135,0.008096218,4
-0.5213778,-0.14899611,2
-0.2625966,-0.5023751,1
-0.44442892,0.975454,4
-0.5646291,-0.367252,2
-0.40850925,-0.31633198,1
0.22737062,0.651682,2
-0.27542925,0.67709446,1
0.52579534,-0.88051784,1
0.43501902,-0.6802534,2
-0.5644263,-0.25364375,2
0.11719215,0.22452796,3
-0.7883239,-0.4336089,2
-0.9701506,-0.2286905,4
0.10465455,-0.82874095,3
-0.450675,0.5885215,1
0.1694845,0.6487769,2
0.80538714,-0.097135305,3
-0.37627995,0.99713624,4
-0.572183,0.990275,4
-0.040727258,0.31636357,4
-0.11538708,-0.6197417,1
-0.5725895,0.66948533,2
-0.3571998,0.2661662,1
0.44956946,0.7136202,2
-0.1960913,0.20317173,1
-0.29079044,-0.0113343,4
0.9133736,0.7371434,3
0.43545258,0.9875579,3
-0.947273,-0.63892794,4
-0.98795533,0.09262788,4
-0.8869314,-0.94280624,4
-0.618986,-0.6709883,2
0.116754174,0.7247375,2
0.63618064,-0.7537221,1
-0.3183937,0.743827,1
-0.87436795,-0.4124434,2
0.06955445,-0.32975626,3
-0.25613773,0.64188325,1
0.8720287,0.13453305,3
-0.13582814,0.10684419,4
-0.8184968,-0.87043357,4
0.5421144,0.12781715,1
-0.7126328,-0.63331234,2
-0.2555635,0.046294928,4
-0.4988501,0.77171564,1
-0.010439396,0.80833066,4
-0.07140982,0.6443924,4
-0.9791063,-0.6132885,4
-0.0870229,-0.15941155,4
-0.8999232,0.7949302,4
-0.1943537,-0.46574378,1
-0.13809156,-0.9384706,4
-0.21314788,0.8104881,1
-0.8944533,0.040329456,4
-0.9439969,-0.6768638,4
-0.37158704,-0.7879466,1
0.008293748,-0.5324743,3
-0.508059,0.14883673,2
0.4701538,-0.42562485,2
0.7251489,0.43417442,1
-0.08499384,-0.7151146,4
0.2373935,-0.6675732,2
-0.65885377,-0.06491494,4
-0.02867806,-0.9343003,4
-0.53604007,0.032198787,4
-0.54209614,-0.7303604,2
0.63526666,0.97554564,3
0.84570694,-0.9424304,3
-0.18537211,0.44404197,1
0.10574472,-0.47516358,2
-0.376415,-0.6172006,1
0.9319521,-0.22112346,3
0.4378115,0.46983254,2
-0.63239074,0.3982371,2
-0.6808479,-0.81595945,2
0.4230274,-0.77525973,2
0.84582305,0.13716972,3
-0.02601552,0.6025504,4
-0.6677871,-0.15858674,2
-0.3605312,-0.47226346,1
0.08861458,-0.6170732,2
-0.24180949,-9.906292E-5,4
0.0858798,0.038347363,3
0.17427242,0.41771388,2
-0.72822535,0.34117115,2
0.49298012,-0.21685183,2
-0.27271152,0.76857674,1
-0.50200415,0.33147693,2
-0.47385848,0.5242517,1
-0.71545696,0.9485811,4
0.524336,0.9425019,1
0.6408262,0.2429539,1
0.095109224,0.0931592,3
-0.3817855,0.682364,1
-0.9443203,-0.85842824,4
0.91407967,-0.03389442,3
0.50453126,0.9855325,3
0.5271425,-0.62899876,1
0.08175242,0.3798771,2
0.54179716,0.6769755,1
-0.85854447,0.054446578,4
-0.7053833,0.34647524,2
-0.3728702,0.7731637,1
-0.45619226,0.70792043,1
-0.008250117,0.56838524,4
-0.39728117,0.18960667,1
0.5096612,-0.1310128,1
-0.75516975,0.2862028,2
-0.2269907,0.4325682,1
-0.8955929,-0.559425,2
-0.6806445,0.057749987,4
-0.620108,0.8207625,2
-0.7520387,-0.6859349,2
0.02309823,-0.09657323,3
-0.31991005,0.96287227,4
0.9245403,-0.41486633,1
-0.8850862,0.48789728,2
-0.42673373,-0.61820865,1
0.51979053,-6.299019E-4,3
0.4990313,-0.7988944,2
0.5456221,0.66859174,1
-0.2524717,-0.3540846,1
0.02980721,0.39362323,3
0.47888076,-0.80312884,2
-0.8227283,0.3514192,2
0.33014286,0.7065141,2
0.01178813,0.873137,3
-0.21013582,0.09504652,4
-0.83588755,0.25981236,2
0.8737962,0.05883181,3
-0.6095661,0.96361184,4
-0.2262404,0.98008597,4
0.7555977,0.38022554,1
0.81601024,-0.5393059,1
-0.18690753,0.3716557,1
-0.51817465,-0.6987442,2
0.7917155,0.7629663,1
-0.086547375,0.02122271,4
0.46222985,0.28498662,2
-0.71378636,0.78647304,2
0.49252784,-0.22271085,2
-0.26311266,0.90227604,4
-0.52560496,0.587988,2
0.7952174,-0.22604561,1
0.9677576,-0.16868722,3
-0.90354383,-0.22742915,4
-0.310629,-0.031001449,4
0.71645665,0.012762308,3
-0.016404867,0.702085,4
-0.043566823,0.30482686,4
0.8457849,-0.31327128,1
0.5328115,-0.9600247,3
-0.30227697,0.56838477,1
-0.34945166,-0.5308294,1
0.7945272,0.3667177,1
0.63911045,-0.38865125,1
0.30988503,0.59861827,2
0.023430586,-0.84857607,3
0.8189076,0.6147541,1
0.9332888,-0.65602326,3
0.8741541,0.51843095,1
0.5006721,0.71279275,1
0.7305552,0.46270442,1
-0.2360661,0.7236024,1
-0.11961651,-0.032578945,4
0.029468894,-0.49213636,3
0.052645087,-0.29679406,3
-0.39316535,-0.06413412,4
0.63615,-0.34839058,1
0.33374786,-0.9092963,2
0.3071177,-0.97680306,3
0.8763615,0.5999223,1
-0.033169627,-0.6919174,4
-0.007859945,-0.13574529,4
0.19012725,0.51227367,2
0.8731991,-0.58550274,1
-0.6997229,0.32049406,2
-0.5258825,0.26609743,2
0.25004208,-0.39962196,2
-0.9718362,0.9705951,4
0.8138895,-0.5411267,1
-0.5409405,0.23405659,2
0.57489073,0.7703363,1
0.32253563,0.5417081,2
-0.004297018,0.6644573,4
0.51497066,0.6580069,1
-0.048768997,0.49428356,4
0.048542142,0.53152287,3
-0.29255092,0.060026646,4
-0.47197485,0.79962814,1
-0.026005745,0.75902736,4
0.9193307,0.4407537,1
-0.3636346,-0.5615084,1
-0.8489361,0.24975467,2
0.6669364,-0.72608554,1
-0.05402851,-0.29111946,4
0.8838638,-0.6327592,1
0.978626,0.8933461,3
-0.6840948,-0.0042140484,4
-0.53026354,-0.4067967,2
0.36299193,0.74303126,2
-0.84195244,-0.4349941,2
-0.5777887,-0.040883422,4
0.271101,0.36676776,2
-0.33704662,-0.85803854,1
0.71061456,-0.39664197,1
-0.0490309,-0.43454564,4
0.7726195,-0.45163798,1
0.08777869,-0.36866188,2
-0.036289215,-0.64951336,4
0.37935054,-0.53521204,2
-0.988971,-0.37808502,4
-0.3124336,0.84501064,1
-0.81564736,-0.20696771,2
0.4422748,-0.04751277,3
-0.72536206,-0.24072134,2
-0.7254559,0.07101345,4
-0.24354208,0.0044300556,4
0.9281329,0.40897906,1
-0.9147395,-0.5704913,2
0.65252566,-0.13987756,1
0.058646798,-0.17683482,3
-0.60527325,0.7253325,2
0.54965913,0.45940304,1
-0.41283166,-0.7638024,1
-0.42367065,0.28981173,1
0.25567758,-0.113553286,3
-0.98633707,0.104197145,4
0.40576518,0.97394776,3
-0.2787174,-0.233989,1
0.33013916,0.92454875,3
-0.57716954,0.9939555,4
0.5391308,0.60702145,1
0.3338784,-0.6285616,2
0.6537281,0.30922413,1
0.82673085,0.4403391,1
-0.19552779,0.839092,4
0.90757215,-0.5998056,1
-0.8838378,-0.4937806,2
0.059617043,-0.4799292,2
0.77696013,0.8528706,3
-0.7977824,0.7159511,2
0.32117474,0.91577077,3
0.78847337,-0.4044416,1
-0.7909529,-0.35325253,2
-0.89777315,-0.2244296,4
0.95685387,-0.30777156,3
-0.15988386,0.48977888,1
-0.86959374,-0.023973703,4
0.32754552,0.8938067,2
0.91962874,-0.9497365,3
-0.9977646,0.40166605,4
-0.0023083687,0.7354827,4
0.91986763,0.63709235,1
0.45271003,-0.42104244,2
-0.66103613,0.82988465,2
-0.93785024,0.69224405,4
-0.6965313,0.8222983,2
-0.36013865,0.81359184,1
0.46976662,0.2670145,2
0.98444176,-0.6372485,3
0.15948558,0.4967512,2
0.7379652,-0.14403021,1
-0.7688557,0.23281062,2
0.64985955,-0.4751662,1
-0.6455709,-0.51132095,2
0.03691876,-0.81238055,3
0.67384934,0.33434296,1
0.1234535,0.3656845,2
-0.2718352,0.64264905,1
0.20297551,-0.013759375,3
-0.55598533,-0.52753735,2
0.73341095,0.5888034,1
-0.3264488,0.69245076,1
0.39172733,0.2342757,2
-0.74520063,0.058180332,4
0.38235736,0.9377253,3
0.1293813,0.87426865,3
-0.19050181,0.69949937,1
0.37585914,-0.8408158,2
0.3600788,-0.45837212,2
0.86021996,-0.15412009,3
0.8569999,0.47103775,1
-0.14884949,0.86586535,4
-0.8325083,-0.75232637,2
-0.28881097,-0.7469984,1
0.50667834,-0.8497567,1
0.50128305,-0.15214157,1
-0.8394847,-0.3227924,2
0.9027027,0.37180412,1
-0.85474384,-0.97563267,4
0.6748365,-0.933753,3
-0.8161707,0.12769866,4
0.3696059,0.6569979,2
0.75555646,-0.4080124,1
-0.8162395,0.9132229,4
0.7883277,0.6395767,1
-0.3488717,-0.26220977,1
-0.9832295,0.6626643,4
0.89118266,0.6701293,1
-0.8875915,-0.44311607,2
0.9025128,-0.57060015,1
0.6699091,0.91931283,3
0.015647769,0.10645938,3
0.056065917,0.7329258,3
0.22613454,-0.3342911,2
0.3252585,0.31029856,2
0.37401962,-0.71347916,2
0.9880812,0.16686821,3
0.70937836,-0.09097898,3
-0.21876526,0.92927253,4
0.5059757,0.20711923,1
0.90043485,0.30450046,1
0.3084966,-0.44421494,2
-0.12088454,0.14428425,4
0.9062314,0.75875247,3
-0.33960795,0.49614143,1
-0.96788,-0.86746466,4
-0.06430185,-0.34627616,4
0.4363315,-0.3155508,2
0.8095422,0.17693758,3
0.75505066,0.6641898,1
0.8760195,0.87515795,3
-0.60394955,0.7045262,2
0.2203983,-0.7804369,2
-0.5675833,0.49723673,2
-0.6691557,0.6141443,2
-0.2948544,0.7821784,1
-0.15500498,-0.39339662,1
-0.51377714,-0.9267659,2
-0.83128965,-0.68637717,2
0.17941272,-0.37604308,2
-0.22375369,0.079660535,4
-0.2992165,-0.32656753,1
0.19989681,-0.64950514,2
0.9806925,0.9408308,3
0.89165795,0.7444947,3
-0.9095222,-0.006772518,4
-0.8802413,0.8245231,4
-0.021315694,0.7396697,4
0.46031368,-0.25372708,2
-0.107278585,0.5555334,1
-0.84854984,-0.92430544,4
0.9831219,-0.028376937,3
0.26788378,-0.9237337,3
-0.9090017,0.4350649,2
0.30313623,-0.23029113,2
-0.4119265,0.2330153,1
-0.949267,-0.66889703,4
-0.31274474,-0.45909798,1
-0.3276286,-0.19273245,1
0.71582866,-0.10398674,3
0.32903194,-0.18205369,2
0.31990886,-0.2073971,2
0.8104011,-0.4586439,1
0.85603833,0.040466785,3
-0.9098934,0.7837374,4
0.76317155,0.92552316,3
0.80172133,-0.172274,1
-0.53352237,0.8649608,2
0.19708395,0.74390316,2
-0.654644,0.37388837,2
-0.58069146,0.2873019,2
0.03500533,-0.12574112,3
-0.1157732,-0.1042999,4
0.3882687,0.705557,2
0.48350942,0.82524943,2
-0.102006316,-0.92803943,4
-0.750829,0.4236257,2
-0.6032423,0.42030346,2
-0.6173377,0.9299607,2
-0.93129015,-0.3686676,4
-0.7363863,0.13909996,2
0.9169334,0.57383966,1
0.60609365,0.56622636,1
0.04982984,-0.92608523,3
0.49782467,-0.6561208,2
0.73353326,0.65268624,1
-0.9047828,0.5803802,2
0.88747025,-0.14535141,3
-0.50931764,0.06643617,2
0.3913536,0.4003917,2
-0.7639613,-0.5487827,2
0.5698267,-0.5660968,1
-0.5042354,-0.10719979,2
-0.09737182,-0.116506934,4
-0.6035545,0.94900274,4
-0.7182901,0.41093194,2
0.19535267,-0.5018774,2
-0.0583179,-0.0140019655,4
0.0542444,-0.19409633,3
-0.0030252934,-0.90008366,4
0.89803326,-0.3175081,1
-0.16985464,-0.26593792,1
-0.23301923,-0.14530754,1
0.42403877,0.048908114,3
0.72191405,0.22429526,1
0.18046343,-0.6220776,2
-0.49784195,-0.74141526,1
-0.584607,0.433612,2
-0.6857064,-0.8133166,2
-0.80760574,0.9960433,4
0.17655051,0.4335922,2
-0.38979328,0.0020962954,4
0.7699578,-0.55253613,1
-0.7133653,-0.46318305,2
0.6458806,0.055784345,3
0.29983556,-0.6968403,2
-0.41590083,-0.8299855,1
0.011672974,0.67605436,3
-0.15878892,-0.85062873,4
-0.71075857,-0.69978,2
0.7121885,0.6925707,1
-0.02558446,-0.35610855,4
-0.73401785,0.66753125,2
-0.12696123,-0.8457657,4
0.10795057,-0.11449027,3
0.9220929,-0.73737204,3
0.64769614,0.20642829,1
0.9530835,-0.046700954,3
-0.52807105,-0.5889807,2
-0.9576031,-0.16259646,4
0.18083811,0.53387403,2
0.79522276,0.47322035,1
-0.63304913,0.5168022,2
0.050760984,0.25451112,3
-0.49730766,0.46760952,1
-0.043968678,0.67248356,4
0.34312916,-0.9947641,3
-0.30185652,0.6675329,1
0.31129694,-0.69580567,2
0.50605726,-0.4433068,1
0.26387203,-0.15832806,2
-0.040370107,0.48937953,4
0.36485434,-0.5219927,2
0.8343077,0.29169548,1
-0.36430728,-0.49967587,1
-0.64637876,-0.94129884,4
-0.50550485,0.42088044,2
0.039406896,-0.99876547,3
-0.58155525,-0.40653992,2
-0.40666938,0.31202924,1
-0.7826288,-0.30360067,2
-0.8039391,0.5541359,2
-0.47106636,-0.41062105,1
0.08676195,-0.93159854,3
0.55462897,-0.60107636,1
0.6311674,0.8276491,1
-0.95031536,0.4969206,4
0.678298,-0.8788911,1
-0.26110256,0.5358925,1
0.75211346,0.4277252,1
-0.9840249,-0.7209816,4
-0.53552115,0.23159862,2
0.63849723,-0.34700048,1
0.94050384,-0.34635758,3
-0.42193294,-0.5449256,1
0.5185038,0.33345377,1
-0.069339514,0.315333,4
0.55776966,0.61353517,1
-0.67809653,0.8616992,2
-0.077555776,0.77976334,4
0.32362676,-0.776402,2
0.20480621,-0.17097676,2
-0.4196372,0.8636261,1
-0.3668927,0.30508626,1
0.45755768,0.7230463,2
0.03599584,-0.5887234,3
0.67848885,0.44137537,1
-0.6030574,-0.47639704,2
-0.4932059,0.25376296,1
-0.8513278,0.94749296,4
0.2299478,-0.47049356,2
-0.8186606,0.24794161,2
-0.038945317,0.8944671,4
-0.14771485,-0.39409363,1
-0.16171336,0.7390661,1
0.40411198,0.68855023,2
-0.41924572,-0.43199503,1
0.96723187,0.6490843,3
-0.1446011,-0.829896,4
-0.38007176,0.6813861,1
-0.89830124,0.7052256,4
-0.78848135,0.53941345,2
0.2109307,0.40489137,2
-0.73811615,0.49207437,2
-0.09300935,-0.7950506,4
-0.7958758,0.12731183,4
0.75018764,0.96974754,3
0.53838325,0.4575864,1
-0.41094196,-0.6187515,1
0.6471368,0.031849623,3
-0.99556816,-0.4368589,4
-0.350062,0.75187504,1
-0.9077023,0.2552824,4
-0.15555906,0.2550974,1
0.8662864,-0.8299985,3
0.11744726,0.899794,3
0.9569007,0.027439594,3
-0.12706697,-0.6843351,1
0.25429332,-0.18306136,2
-0.7970195,-0.68597686,2
0.07700908,-0.14344287,3
-0.55705214,0.74353147,2
-0.4755031,-0.82966185,1
-0.84397006,0.0926075,4
0.34142566,-0.82349694,2
0.76778126,0.6474112,1
-0.8767437,-0.5609387,2
0.3326609,-0.40988946,2
0.5426841,-0.30357695,1
-0.39210296,-0.75246465,1
0.7743155,0.11574757,3
-0.88806474,0.86327505,4
-0.979643,0.9594691,4
0.06361067,-0.23912263,3
-0.6455116,0.9754809,4
0.9734386,-0.007529855,3
0.6470641,0.8758402,1
0.66074264,-0.16751623,1
0.5361471,0.44784892,1
0.10169625,0.4930992,2
-0.029283762,-5.1259995E-4,4
0.8069408,-0.1742835,3
0.26102543,0.9881865,3
-0.55228734,0.55653083,2
0.59411263,0.48384166,1
-0.20792782,0.71585286,1
0.15868032,-0.6039349,2
-0.69517267,0.6980064,2
-0.79691684,-0.3695506,2
0.16428757,0.075629234,3
0.13428283,0.16385126,3
0.14552617,0.5393684,2
-0.95304954,-0.26459384,4
-0.4659332,-0.302045,1
-0.4757644,-0.11457634,1
0.7178091,0.9173448,3
0.1301583,0.5420021,2
-0.35824525,0.7701658,1
-0.54555523,0.5149077,2
-0.78584135,-0.7164854,2
-0.108501315,0.024003744,4
0.86980116,0.1958226,3
-0.66509974,0.83754563,2
-0.29688346,0.4499712,1
0.72744,-0.5474844,1
0.28912175,0.6542076,2
-0.21445262,0.8995919,4
-0.047080994,-0.8649113,4
-0.64135695,-0.2596233,2
-0.20030189,-0.70569587,1
0.7122617,-0.65861416,1
0.27860415,-0.5233085,2
-0.25617194,-0.088431835,4
-0.04125786,-0.420807,4
0.73806524,0.58751965,1
0.108449936,-0.29468846,2
0.012730122,-0.7908819,3
0.68544793,-0.27156544,1
0.74355197,-0.32971358,1
-0.40744078,-0.49188483,1
0.7199669,-0.16649044,1
0.18956256,-0.5498518,2
-0.11818278,-0.902642,4
-0.23414063,-0.73553336,1
0.6142099,-0.40538883,1
0.19170642,0.21114242,2
-0.8929839,0.6219065,2
0.52973783,0.2969885,1
-0.9278599,0.8636662,4
0.78657806,-0.8374138,1
0.9920002,-0.9668462,3
-0.969012,-0.44262958,4
-0.635764,0.12789094,2
0.14588416,-0.9796431,3
-0.5906844,-0.84240973,2
-0.10630691,0.7540662,4
-4.7051907E-4,-0.8212496,4
0.666033,-0.30666292,1
0.51116633,-0.8541182,1
-0.8008722,0.82941234,2
0.5390365,0.50599194,1
0.13633859,0.25957608,2
-0.63221765,0.8177358,2
0.110711694,-0.09341228,3
-0.527349,-0.17696321,2
0.03668213,0.009370685,3
0.6099551,-0.6532246,1
-0.39449728,0.3522308,1
-0.9781321,-0.18465722,4
-0.8307183,0.7059604,2
0.47033203,-0.11027229,2
0.9006678,0.438416,1
-0.9392208,-0.81813323,4
-0.51257586,0.9586754,4
-0.2706076,-0.1009984,4
0.8528259,0.23808312,1
-0.25963593,-0.1692276,1
0.2047168,-0.339988,2
0.24585152,0.8049958,2
-0.13989067,-0.14909363,4
-0.14382541,0.6940452,1
0.051618814,0.80725515,3
-0.012430072,-0.48575687,4
-0.38875794,0.8319764,1
-0.48290598,-0.95831215,4
-0.10828447,0.7109047,1
0.7778735,0.74176157,1
-0.5971122,0.78356373,2
-0.74707544,-0.5953084,2
0.8184024,0.5863066,1
-0.6664835,-0.41924882,2
0.68597317,0.47061813,1
-0.6588607,0.25698817,2
0.3233484,0.83152497,2
-0.4056517,-0.08996308,1
0.0036451817,0.5335529,3
0.8382106,-0.53989303,1
-0.8386886,-0.0863601,4
0.83107436,0.24942946,1
0.5479742,0.89725125,1
-0.4314947,-0.8597239,1
0.13158107,0.7172873,2
-0.4336729,0.49543452,1
0.18946838,0.3131237,2
0.15381622,-0.85377955,3
-0.8454708,0.45340538,2
-0.04440677,0.60451317,4
-0.9770843,0.12143564,4
-0.94082284,-0.4730705,2
0.7424488,0.7827877,1
0.9483702,-0.26164365,3
0.22502708,-0.71598554,2
-0.41431487,0.5721772,1
0.24706733,0.6781875,2
-0.71374583,-0.35459423,2
0.33380318,-0.9871619,3
-0.24136555,-0.12540281,4
0.111822605,-0.2696452,3
-0.8065108,-0.8748815,4
0.9365034,0.90789413,3
0.1393441,-0.39936936,2
0.7651931,0.097530484,3
0.4768349,-0.6937655,2
-0.80745304,0.41809344,2
0.7316359,-0.30132234,1
0.76207685,-0.8954359,3
0.6754396,0.1675787,1
-0.38037002,-0.34809184,1
0.35900354,0.12630129,2
-0.6865827,-0.38304365,2
-0.11226833,-0.76031137,4
0.13579535,0.08979988,3
0.15608716,-0.6556519,2
-0.56002474,-0.2532233,2
0.9511738,-0.2521733,3
-0.5228543,0.5883888,2
-0.85185397,-0.6956357,2
-0.3556459,-0.80846107,1
0.76204705,-0.4082967,1
0.8003417,-0.78328955,1
0.28480446,0.94670236,3
0.21608233,0.563764,2
0.6962676,0.50450003,1
-0.4690169,0.92779315,1
-0.2505828,0.83022916,1
-0.93223476,0.43809617,2
-0.6714418,0.49354875,2
0.3334204,0.84418297,2
0.88298583,0.930562,3
-0.6539813,0.5244825,2
0.94613314,0.23728907,3
0.45450044,-0.97606874,3
0.64163077,-0.1277268,1
0.9691013,0.3700627,3
0.7143774,-0.5021094,1
0.6332022,0.97395205,3
-0.85079694,0.901523,4
0.7138665,-0.7009393,1
-0.22416925,0.806193,1
0.27006924,0.8905467,3
-0.38829947,-0.24090862,1
0.5078527,0.91910636,1
-0.94988203,0.6853825,4
0.61480296,-0.3677163,1
0.6277263,0.27980006,1
-0.8219564,0.45405984,2
-0.94870937,-0.49791133,4
0.35733092,0.768312,2
-0.24068856,-0.9771738,4
-0.9339777,-0.592451,2
0.65037656,-0.33164787,1
0.19711697,-0.3044225,2
0.11999524,0.5284314,2
-0.36004567,-0.3819282,1
0.38476026,0.36517608,2
0.7174362,0.7813021,1
0.69214237,-0.0998621,1
-0.4829663,-0.36434293,1
-0.34765363,-0.7818538,1
-0.79421186,-0.23752344,2
0.10304642,-0.6725937,2
0.15573108,0.53171647,2
-0.07271421,-0.5721382,1
-0.061424017,-0.77799284,4
0.6694534,-0.10762036,1
0.88538504,-0.25213838,3
-0.0046281815,0.7426938,4
0.8876318,-0.13845062,3
0.6627133,-0.45472217,1
-0.08861959,0.39610112,1
0.13104355,0.35864413,2
-0.19187844,-0.49605107,1
-0.048150778,0.48653913,4
-0.5326363,-0.45802772,2
0.124259114,-0.65914726,2
0.23181844,-0.71639454,2
-0.55059266,0.35982394,2
-0.61835635,0.43380392,2
-0.8856677,-0.5164397,2
-0.9833189,0.32096076,4
0.11503315,-0.36149073,2
-0.01686728,0.38544607,4
-0.700847,0.6601001,2
-0.2068665,0.32770646,1
0.6642959,0.3793187,1
0.49288654,0.07644439,2
0.7620386,-0.33823836,1
0.8993895,0.052196383,3
0.5853609,-0.8797499,1
0.83050084,-0.5972245,1
0.8947947,0.28413045,3
0.21262395,0.24993753,2
0.5836874,-0.8840245,1
-0.8896705,-0.30709612,2
-0.805611,0.99177575,4
0.65974116,0.95192826,3
0.15501046,0.3324057,2
0.010691047,0.09805632,3
0.57197106,0.8769238,1
-0.86905384,0.20399833,4
-0.37056208,-0.33687246,1
0.66993153,-0.72774327,1
-0.26319957,0.8250196,1
0.021279693,-0.8368015,3
-0.26542175,0.6839366,1
0.7964182,0.07679856,3
-0.29603052,0.80984485,1
0.68972516,0.46267903,1
-0.506811,-0.07229602,2
0.2752391,0.97547734,3
-0.97635806,0.06312728,4
-0.24754381,-0.9056157,4
-0.89908683,-0.859668,4
0.7125877,-0.9689559,3
0.9408493,0.49833894,1
0.31623995,-0.2907176,2
0.32225323,0.2695681,2
-0.9204856,-0.030017257,4
-0.6312798,-0.7843474,2
-0.99003065,-0.8022579,4
0.8980048,0.041963577,3
-0.100069284,0.65185153,1
-0.7056557,-0.82521737,2
-0.013253093,0.6880541,4
-0.5250437,-0.10072243,2
-0.72654617,0.46107578,2
-0.9646995,0.19471085,4
0.94589937,0.68899083,3
-0.3512665,0.7941433,1
-0.5681156,0.63321173,2
0.6262065,-0.6759435,1
-0.33624792,-0.9973154,4
-0.14675009,0.8858299,4
0.4988097,0.3343494,2
0.5384772,0.32312107,1
0.52394783,-0.7530024,1
0.035299182,-0.46955287,3
0.6550331,-0.56854296,1
-0.07719493,0.5083983,1
-0.89745295,0.35194552,2
0.32040775,-0.87404346,2
-0.99177194,0.32311547,4
-0.38729525,-0.46738815,1
0.99009764,0.23262954,3
-0.793862,-0.64913046,2
-0.87657857,0.9442258,4
0.23879313,0.8081019,2
0.7223203,-0.008478999,3
-0.78838253,0.12652636,4
-0.6083852,0.114920974,2
-0.02269733,0.22865379,4
-0.05699694,0.46583176,1
0.3671415,0.23636758,2
-0.80294895,0.7730453,2
-0.30734575,0.6046232,1
0.73715544,0.7110988,1
0.44527936,-0.048377156,3
-0.8106575,0.31121325,2
-0.46725368,-0.20152056,1
0.44942474,0.09999621,2
-0.5850105,0.24136066,2
-0.1251247,0.23359478,4
0.39694035,-0.067344666,2
0.24222994,0.11578286,3
0.2428273,0.18585563,2
-0.7873895,-0.345783,2
0.12055659,0.23885465,3
-0.84997916,0.63268304,2
0.8704107,0.06574607,3
0.93260384,0.7777127,3
-0.29398358,-0.87226295,1
0.4505267,0.5008882,2
0.9648812,0.26547134,3
0.8912711,-0.56491375,1
-0.5203991,-0.11983621,2
-0.19919324,-0.40824318,1
-0.13081872,-0.39200628,1
0.9356278,-0.008791566,3
0.6641203,0.99595463,3
0.7753713,-0.89081585,3
-0.92845464,-0.9711766,4
0.46943378,-0.5026076,2
0.53161705,0.68337035,1
-0.80440307,0.936,4
-0.5313237,-0.39911675,2
-0.80261886,0.83154285,4
-0.9634452,-0.7676978,4
0.9541056,-0.94035506,3
0.7146658,-0.16223478,1
0.3691603,0.75001264,2
-0.37122595,-0.913584,1
0.9147401,0.70926726,3
-0.9722154,-0.06855655,4
0.25344825,0.2694397,2
0.80682003,0.31426084,1
0.9082124,-0.26322842,3
0.9698565,0.121528864,3
0.54256296,-0.39652026,1
-0.10391867,0.8766217,4
0.84546113,-0.012758613,3
-0.08199906,0.7466607,4
-0.078269005,-0.0015106201,4
0.5225018,0.5971602,1
0.53520346,-0.07045126,1
-0.7838898,0.6946517,2
-0.8673804,0.24385595,4
0.30145872,-0.93434966,3
0.9191222,-0.34414494,1
-0.6764927,0.94651425,4
0.5189884,0.37680948,1
-0.6272726,0.8378856,2
0.12758112,-0.49090362,2
-0.3291967,0.70051277,1
0.2630155,-0.8418051,2
-0.4137193,0.24359739,1
0.010714412,0.06043935,3
-0.61194384,-0.8340955,2
-0.69593954,-0.7351779,2
0.3800006,0.8734907,2
0.61418915,-0.065918565,3
0.5879096,0.5320426,1
-0.7226732,0.8256514,2
0.689206,-0.61123145,1
-0.5541053,-0.9353367,2
-0.5335331,0.8470353,2
0.71808934,-0.07678652,3
0.5892298,-0.31871808,1
-0.6807374,0.3729496,2
0.12723482,-0.41883183,2
0.24785805,-0.011695385,3
-0.2038933,-0.39029074,1
-0.9391221,0.5583248,2
-0.2614491,-0.49618816,1
-0.5079504,0.6351352,2
0.6367605,0.5469332,1
-0.56550884,0.73204255,2
-0.59751666,0.16855538,2
-0.9255564,0.41575456,2
0.6489079,-0.20395255,1
0.26049864,-0.046942234,3
0.943274,0.77981853,3
0.1919012,-0.7832879,2
0.5822252,-0.43280327,1
-0.10059285,-0.6213405,1
-0.28402948,-0.49478698,1
-0.006470442,0.5775565,4
-0.7538494,-0.34528852,2
-0.98024535,-0.29498434,4
-0.50902796,0.40143895,2
-0.72832346,0.07991791,4
-0.61397624,0.21377075,2
0.8854121,-0.15187109,3
-0.5122061,0.037517905,4
-0.18215525,-0.86244655,4
0.56809247,0.108088374,1
0.27414298,0.40359592,2
-0.28857005,-0.37232184,1
0.20481503,0.0118819475,3
-0.084754705,-0.81511366,4
0.5787519,-0.676049,1
0.88727415,-0.9727733,3
0.7269763,-0.31582797,1
-0.5408453,-0.469319,2
-0.35589564,-0.5347332,1
-0.5043622,0.29825354,2
0.7640567,-0.6653118,1
-0.13915431,-0.7288226,1
-0.54224324,0.18007445,2
0.67447877,0.7180351,1
0.9291599,0.6107416,1
0.30053234,0.8008299,2
0.93888485,-0.02844131,3
0.08903611,0.081513286,3
0.020208001,-0.39026904,3
-0.551108,-0.53760564,2
0.7596543,0.37436867,1
0.25964224,0.9402474,3
-0.98540044,0.55990124,4
0.60577667,0.6440611,1
0.38512993,0.69028366,2
-0.705937,-0.9762523,4
-0.86990714,-0.44931197,2
-0.67131317,-0.9784738,4
0.33227193,0.98235524,3
0.4882934,0.5051187,2
0.32062733,0.34615517,2
0.17216456,-0.75537825,2
-0.9744775,0.8190447,4
-0.16018438,-0.99854684,4
0.48399985,-0.690825,2
0.52058566,0.75289154,1
-0.43406165,-0.33973897,1
-0.84009624,0.24043322,2
0.1290164,0.77064097,3
-0.0793339,0.6017674,1
-0.76722336,-0.5099026,2
-0.8233621,0.17811441,4
0.28293943,-0.20285785,2
0.8063178,-0.8092383,1
-0.39910161,-0.6735456,1
-0.21213174,-0.98112094,4
-0.9842396,0.24217153,4
-0.9426763,0.6073625,4
-0.21569872,0.5756272,1
-0.5465518,-0.9329356,2
0.11602306,0.21007776,3
0.44462633,-0.064920664,2
-0.49444687,-0.1496718,1
0.6086327,0.6307851,1
0.17363143,0.61861444,2
-0.3111459,0.32135653,1
0.4428444,-0.16749692,2
0.9356184,-0.6980134,3
-0.39172256,-0.58492136,1
0.5950364,0.8608334,1
-0.37916338,-0.96230865,4
-0.6522225,-0.14722085,2
-0.972173,0.18267071,4
0.5252875,0.4216993,1
-0.5115684,-0.07442713,2
0.621217,0.71662116,1
0.7092048,-0.63214755,1
0.3325671,0.42765462,2
-0.23395562,-0.29826832,1
-0.24912655,0.56393254,1
-0.03497696,-0.8338853,4
-0.19754565,-0.6947433,1
0.1469115,-0.6314404,2
0.3134296,0.83523786,2
0.69240355,-0.77728784,1
0.63619757,0.81619275,1
0.50142336,0.108612776,1
0.38691986,-0.7390481,2
-0.50385964,-0.2634405,2
0.05713427,-0.18370998,3
0.36041903,-0.078375936,2
0.906968,-0.62456226,1
-0.5634389,-0.7003733,2
0.23390031,0.117838144,3
0.14283776,-0.41323328,2
0.7321782,-0.17601824,1
-0.32685912,0.86080885,1
-0.11232245,0.07906151,4
0.8450718,-0.5153464,1
0.14628148,0.8648468,3
-0.9418694,0.57238996,4
0.68705547,0.3043518,1
0.72382224,-0.41105378,1
0.04221356,-0.11542046,3
0.0801636,0.9588578,3
0.33291376,0.41112792,2
0.8812082,0.025342584,3
-0.3866179,0.9732634,4
0.4660051,-0.15803051,2
0.59705603,0.20396388,1
0.60033536,0.9960973,3
-0.98004293,-0.35257375,4
-0.7806845,-0.2373935,2
0.002158165,0.7938856,3
-0.21851587,0.58112407,1
-0.79690313,0.6618228,2
-0.09149885,-0.74090004,4
-0.68308127,-0.78949475,2
-0.10647392,0.9521165,4
0.78760123,0.51733506,1
0.611426,-0.70665264,1
-0.41087008,-0.12307131,1
0.48213732,-0.125983,2
-0.15644062,0.7507402,1
-0.91703475,-0.6398194,2
-0.9492872,-0.04786694,4
-0.53417563,-0.9814466,4
0.1701405,-0.61688006,2
-0.56791794,0.37208962,2
0.9025934,0.9927833,3
0.20273376,-0.422549,2
-0.28024745,0.0071953535,4
0.8783133,-0.7194581,1
0.7236173,0.64621437,1
0.6256714,0.9383235,3
0.7983701,0.9098873,3
0.0032521486,-0.42321658,3
0.046536207,-0.8414196,3
-0.38029265,-0.22586882,1
-0.24208367,0.3549223,1
-0.67918134,0.3091427,2
-0.49457812,0.3669287,1
-0.7438022,0.7974906,2
0.039155006,0.691313,3
0.96081483,0.06050515,3
0.88269496,-0.4587705,1
0.499007,0.6440054,2
0.62863207,-0.6929356,1
0.79345906,-0.55123985,1
0.37028217,0.9521533,3
0.5631665,0.87418413,1
0.26078248,0.61346734,2
-0.581697,0.14466846,2
-0.59175646,0.36265576,2
0.2331618,0.9213965,3
0.02639532,0.22385943,3
0.09913516,0.14573586,3
0.57554245,-0.22380662,1
-0.86251104,0.9637128,4
-0.5587902,0.28174984,2
-0.052824378,0.101320386,4
0.18145335,-0.27833676,2
0.22807789,0.16036248,2
-0.5165081,-0.50328445,2
-0.56192493,-0.14666021,2
0.442438,0.11491871,2
-0.47236907,-0.53106415,1
0.62702,0.8624979,1
0.69393086,0.03858888,3
0.428141,0.30898654,2
-0.41512,0.34734607,1
0.47598636,0.2602415,2
0.8697344,0.5928149,1
0.32149065,0.32987034,2
-0.98278296,-0.9550427,4
0.25089788,0.19082975,2
-0.5456269,0.30334055,2
-0.03828585,0.49209344,4
0.022107601,0.90017736,3
0.0796392,0.73379457,3
-0.67049336,-0.8238349,2
0.12540781,-0.4020995,2
0.80314827,0.08720231,3
-0.1845603,0.4962858,1
-0.9746553,0.3151139,4
-0.45037174,0.74630105,1
0.48358262,-0.40750885,2
0.9335617,-0.20589423,3
-0.22944438,0.25474858,1
0.31230056,0.41290545,2
0.2695458,-0.14805865,2
-0.04889226,0.59783006,4
-0.34576344,0.24538898,1
0.85906744,0.9087677,3
0.37725616,0.44262242,2
0.769423,0.8805479,3
0.50108254,-0.14226007,1
-0.29796982,0.5862169,1
-0.4471693,-0.501678,1
0.35614324,0.91977525,2
0.90659,0.45625663,1
-0.38533878,0.2319237,1
0.8903502,0.106040835,3
-0.7359774,-0.16539264,2
-0.7126603,-0.41547823,2
0.008497715,-0.02778697,3
0.09325528,-0.15902722,3
-0.3737507,0.18019187,1
-0.22789931,0.11254954,4
0.10104966,0.7129028,3
0.32610655,0.8103887,2
0.47303712,0.7751225,2
-0.70729566,0.11507118,2
-0.5293112,-0.35428953,2
-0.6318034,-0.8977599,2
-0.5181422,-0.896634,2
0.32933986,0.8814981,2
-0.35688996,0.6755371,1
-0.09254694,0.37218356,1
-0.3962407,0.6108514,1
0.42312396,-0.79760003,2
0.46528494,-0.24229658,2
0.5025251,0.45312214,1
0.4007908,-0.99213207,3
0.78950286,0.1339724,3
0.19665718,0.08147848,3
0.9929023,0.33424807,3
-0.6153641,-0.7080693,2
0.14924681,-0.18888521,3
0.48365533,0.79600716,2
-0.04863906,-0.36803877,4
0.16413033,-0.37820804,2
0.23949921,0.5613743,2
0.6824293,-0.45299268,1
-0.8500056,-0.23706901,2
-0.2105776,-0.5982113,1
0.37554908,0.5661565,2
0.3560412,-0.5226263,2
0.95053065,-0.5700426,3
-0.67689085,0.9767337,4
-0.09530532,-0.37775886,1
0.19617355,-0.4579066,2
-0.9684043,0.744179,4
-0.6262375,-0.80892444,2
-0.5732285,-0.8242161,2
0.105743885,0.9976381,3
0.93003666,0.33256602,3
0.09483373,0.7320633,3
0.25162113,0.7326242,2
0.7276412,0.74827015,1
0.50036657,0.11752546,1
0.98200786,-0.34482777,3
0.72197866,-0.007138014,3
-0.6838678,-0.1335398,2
-0.4141482,-0.8941586,1
-0.30534708,0.78106034,1
-0.24903691,0.61430335,1
0.5213084,-0.9481164,3
0.9467107,0.48705494,1
-0.91791034,0.75684047,4
0.20655239,-0.62148046,2
-0.606722,0.05322349,4
0.8053509,-0.38321054,1
-0.3870145,-0.50952923,1
-0.37886405,-0.2850982,1
-0.28836918,-0.8507184,1
-0.75448155,0.048408866,4
0.48625362,0.39557815,2
-0.887568,-0.9677638,4
-0.39296532,-0.32934618,1
0.14169407,0.67679167,2
0.84441674,0.4250499,1
-0.6272329,-0.88603723,2
0.3656491,-0.75949705,2
-0.7029835,-0.72910607,2
0.71547294,0.22523975,1
-0.88308537,-0.04757607,4
-0.70662904,-0.07728052,4
0.0324713,0.19716251,3
-0.4231205,0.90865266,1
0.474393,-0.17095017,2
-0.4342463,-0.21197009,1
-0.40296376,0.9737543,4
0.76534915,0.92148757,3
-0.5296724,0.19156301,2
-0.8992286,0.54337776,2
-0.5420772,-0.5540968,2
0.34872937,0.27343428,2
-0.04031539,0.935935,4
0.6654248,-0.18283248,1
-0.21798563,0.8356725,1
-0.46868384,6.327629E-4,4
0.16288495,0.06995678,3
0.6635177,0.45272684,1
-0.76595306,-0.30528498,2
0.1815294,0.1487242,3
0.29651392,-0.58306396,2
0.350757,0.7346102,2
-0.40596354,-0.12343979,1
-0.34904253,-0.20856786,1
-0.29895866,-0.9878329,4
0.5846609,0.8571286,1
0.6359085,0.04533267,3
-0.3036462,-0.3588649,1
0.33817303,-0.84853494,2
-0.35941637,0.14176083,1
0.21123755,0.95070076,3
-0.97874975,-0.33859968,4
0.5636555,0.6701927,1
-0.8885001,0.519863,2
-0.4535402,-0.27575755,1
-0.27857447,0.75746965,1
0.67706,0.9628525,3
-0.54198813,0.6193615,2
0.3888718,-0.20969236,2
0.74854946,-0.9007987,3
-0.091724396,-0.5025464,1
0.3863771,-0.57112205,2
0.8261862,0.6348461,1
0.39889944,-0.07801247,2
-0.77885795,0.13550735,4
-0.0938189,0.9600024,4
0.3563627,-0.36143982,2
0.78912306,0.7546828,1
-0.40214062,0.4376428,1
-0.34439695,-0.41180432,1
0.098890424,0.45613396,2
0.29860294,-0.060403824,3
-0.68648934,0.31647682,2
0.8810586,-0.1749332,3
0.9156486,-0.988821,3
-0.96194863,-0.9618877,4
0.11824131,-0.107489824,3
-0.6806756,0.15953887,2
0.64892626,-0.92307115,3
-0.45345247,-0.7434746,1
-0.7846613,-0.7845316,2
0.15408218,0.30267918,2
-0.31386626,0.6256045,1
0.12430346,0.38018227,2
-0.5433408,0.63263774,2
0.2051462,0.68073976,2
-0.37480485,-0.34523594,1
-0.52397645,-0.12994874,2
0.27255487,0.017395854,3
-0.44253457,0.343215,1
0.94155824,0.036839843,3
0.6698034,-0.24565732,1
0.51165295,-0.18472826,1
0.9483223,0.58749294,3
0.24721825,0.0884577,3
-0.19091082,-0.26117063,1
-0.4134549,0.92151225,1
0.40497553,0.5489383,2
-0.015900254,-0.98097765,4
0.2702967,0.56302583,2
-0.8953521,-0.22672701,4
0.8613244,-0.23498368,3
-0.791404,-0.8065542,2
0.87626946,0.04540181,3
-0.4908042,-0.27880752,1
-0.21900189,-0.7056743,1
-0.49898064,-0.7682165,1
-0.04416752,-0.5106747,4
-0.83646464,-0.26075292,2
0.17560482,-0.6438191,2
0.9731674,0.36893618,3
0.88227427,0.16243827,3
0.7825892,0.8384278,1
-0.16930008,-0.3463564,1
-0.1508367,0.21046317,4
0.38867223,0.4156915,2
0.14856231,-0.83108175,3
0.038363338,0.55267406,3
-0.84081686,0.045947075,4
0.7255498,-0.32572377,1
0.6436665,0.7270944,1
0.68410337,-0.8876635,1
-0.2873659,0.21923721,1
0.55643654,0.011206031,3
0.2908436,-0.17219114,2
-0.85286844,-0.40424418,2
-0.2931974,0.7052913,1
-0.62052464,-0.6946789,2
-0.28583312,0.05905938,4
0.14688373,-0.4612062,2
0.078942776,-0.9937755,3
0.21830523,0.08899796,3
-0.28619146,0.30528712,1
0.40498698,-0.28682613,2
-0.97577024,0.7545692,4
-0.6569811,-0.8931314,2
-0.0038404465,-0.3928144,4
-0.20929623,-0.6069474,1
0.9789555,-3.681183E-4,3
-0.13791907,0.33536375,1
0.007894754,-0.8799547,3
-0.5207896,-0.7812023,2
0.80779815,0.053233743,3
0.16866195,0.75391364,2
0.79347754,-0.76070094,1
-0.4241041,0.6490035,1
0.93594646,-0.015996575,3
0.42992926,-0.48784518,2
-0.67119896,-0.91892874,4
-0.3538034,-0.4984653,1
-0.26868033,0.37478805,1
0.57540834,-0.6964941,1
-0.120631814,-0.06281996,4
-0.3606938,-0.59334123,1
-0.43093097,0.79563355,1
-0.42939126,-0.26600742,1
0.58961296,0.0681752,1
-0.19456565,-0.86990833,4
0.7000073,0.5951804,1
0.15468824,0.26621628,2
-0.26932824,-0.7453581,1
0.38011122,-0.32895327,2
0.2965597,0.07620859,3
-0.32399774,0.9218769,4
0.8171128,-0.10386443,3
-0.95463586,0.800143,4
0.86428714,0.89645755,3
0.17697012,0.3422768,2
-0.8511596,-0.87124157,4
0.47642195,0.2742946,2
0.5839846,0.6237377,1
-0.54023767,-0.96525276,4
0.24258637,-0.5734756,2
-0.35606992,0.35046864,1
0.088808656,0.77473915,3
-0.4931066,0.6739546,1
-0.91188836,-0.5416962,2
0.9654858,-0.5825372,3
-0.3171563,0.37983644,1
-0.66411567,0.18056071,2
0.19743943,0.5912769,2
0.8866358,-0.42537558,1
0.07196939,0.14157605,3
0.13473368,-0.03427553,3
0.011145711,-0.63653314,3
0.020299792,-0.1913085,3
0.3048427,-0.40757406,2
-0.64498234,-0.7915498,2
-0.6160635,0.49206567,2
0.58491826,-0.9452925,3
0.81126404,-0.6922443,1
-0.6679858,-0.67619765,2
0.5924436,0.54090166,1
-0.44455278,-0.1257751,1
-0.82285225,0.19290864,2
0.9563292,-0.11647749,3
0.59137416,-0.7604555,1
-0.32234955,-0.256222,1
-0.39022863,0.13861465,1
-0.060925603,-0.8333999,4
0.089853644,-0.3718214,2
-0.705029,-0.98112786,4
-0.07606745,0.92688537,4
0.2927314,0.24586213,2
0.42800093,-0.30347908,2
-0.2014122,0.52350116,1
0.31909108,-0.83007574,2
0.7924098,-0.9423326,3
-0.7955166,0.9916959,4
0.4350952,-0.5875293,2
0.21953332,0.2774732,2
-0.61271334,-0.7446996,2
-0.8610027,-0.21087623,4
0.19256854,-0.5364281,2
-0.98595643,-0.02659154,4
-0.20040536,-0.18731976,1
0.74932563,-0.14788258,1
-0.46539223,-0.72108734,1
-0.34147787,-0.27970982,1
-0.121399164,-0.6764858,1
0.080827355,0.5500252,2
0.8632816,-0.9905164,3
0.7944454,0.56095934,1
0.66959965,-0.26795995,1
-0.053085923,0.16139555,4
-0.23428309,-0.8357035,1
-0.7119887,0.34916663,2
0.613019,-0.1649828,1
0.9222759,-0.4422183,1
-0.66458523,-0.17479622,2
0.9092715,0.11661017,3
0.8063184,-0.68935394,1
0.676319,0.14544475,1
-0.8418064,-0.83923197,4
0.24750209,0.41164613,2
0.8414351,-0.7413969,1
-0.8575188,-0.06364548,4
0.913995,0.51732075,1
-0.101481915,-0.15466917,4
0.3731135,-0.72359705,2
0.48979628,0.9265263,2
-0.030387282,-0.4373877,4
-0.5384096,-0.20665967,2
-0.7214714,-0.04919231,4
0.8962784,-0.42112482,1
0.8237331,0.96722126,3
0.9480784,-0.7722937,3
-0.9638033,-0.6909746,4
-0.28059685,0.13940799,1
-0.18549442,-0.06884158,4
0.83084035,-0.009803057,3
-0.21775985,0.25294852,1
0.8171648,-0.2402854,1
-0.888813,-0.5021366,2
0.15294337,-0.53043854,2
-0.6053462,-0.70929503,2
0.49389076,0.9553603,3
-0.3147645,0.045060873,4
0.8661401,0.6077477,1
0.9112991,0.98330677,3
0.8281995,0.79892206,1
-0.30744648,0.6017066,1
0.8840401,0.4355955,1
0.6049274,-0.5598029,1
-0.013810873,-0.5719477,4
0.49741042,0.7125193,2
0.211851,-0.07360625,3
-0.8813845,-0.07398689,4
0.53115,0.94309354,1
-0.57009625,0.4563619,2
-0.04597938,-0.14391375,4
0.20757115,0.18189645,2
0.7117938,-0.42459095,1
0.29264295,0.92199874,3
-0.99693596,-0.42820442,4
-0.16165161,0.4182006,1
0.2441988,-0.87326574,3
-0.38132775,-0.045476794,4
-0.22268724,0.09572995,4
0.66408575,-0.8985423,1
-0.80162966,0.1114943,4
0.7314725,0.30801392,1
0.5022743,-0.17057323,1
-0.7755362,0.6369854,2
0.25852215,0.77817607,2
0.7692144,-0.5252553,1
-0.7802526,0.27367556,2
-0.38834846,0.8395277,1
0.84688497,-0.7575213,1
0.009260774,0.40853918,3
-0.039212584,0.6423563,4
-0.20140564,0.6878408,1
0.38405228,0.33411348,2
0.0652436,0.119624496,3
0.3330722,0.023819089,3
-0.65643144,0.2751509,2
-0.69542253,0.4407587,2
-0.17212665,0.6906073,1
0.15016997,-0.16868043,3
-0.23498714,-0.90407574,4
0.35473812,0.62682045,2
-0.61803997,0.6479584,2
0.6696662,-0.31558096,1
-0.47678304,-0.14959085,1
-0.8299128,0.6112871,2
0.55595994,-0.17934132,1
-0.4909439,0.57614374,1
0.25053322,0.8019209,2
0.16361475,-0.19189024,3
0.24668539,-0.17257428,2
-0.62723315,0.2060951,2
-0.36064923,0.38785982,1
-0.6489556,0.5641773,2
-0.7893543,-0.8437958,4
-0.6493771,0.69758594,2
-0.7728499,-0.7360332,2
-0.102004886,0.9740987,4
0.62481415,0.43437028,1
-0.2624774,0.56727386,1
0.2105372,-0.74766517,2
0.89444005,0.20764494,3
-0.60655403,-0.06463516,4
-0.92395186,0.77865124,4
-0.6247697,-0.23278594,2
-0.8549036,0.15484214,4
0.9138956,-0.37276208,1
-0.5618174,0.9861424,4
0.24655366,0.20866108,2
-0.38991296,-0.62465036,1
0.8132179,0.1408484,3
0.8392608,0.66444874,1
-0.35493076,-0.45740163,1
0.53841317,0.83289754,1
-0.97134316,0.9202342,4
0.11673701,0.7181741,2
0.97455573,-0.17313206,3
0.30748403,-0.29780257,2
0.52896,-0.4850719,1
-0.3917011,0.3796519,1
0.7746229,0.7963755,1
0.5151508,-0.34511817,1
0.9597825,-0.5162356,3
0.52831995,-0.27171206,1
0.3378271,-0.21355867,2
-0.033604503,-0.5373317,4
0.5452728,-0.29801524,1
-0.9314146,0.0026221275,4
-0.47876966,-0.74801517,1
0.8550297,0.5000843,1
-0.31073976,0.99821794,4
-0.0613122,0.026703358,4
-0.7250732,0.93118894,4
-0.33854055,-0.21426964,1
0.8932936,0.9951743,3
0.31343687,-0.46473825,2
0.8651365,-0.6941942,1
-0.929224,0.5701983,2
-0.15489304,0.78766024,4
0.9690845,0.9575553,3
-0.7129574,-0.57372236,2
-0.43886256,-0.83959603,1
-0.17008281,-0.33621562,1
0.76711476,0.30765545,1
-0.057368875,-0.60163224,4
0.22060692,0.66423273,2
-0.02171266,0.45999396,4
-0.41619205,-0.7706708,1
-0.698634,-0.13099349,2
-0.17868412,-0.3539629,1
-0.711885,0.3378415,2
-0.7142662,-0.04343474,4
-0.03338754,-0.29742312,4
-0.78697217,0.30266738,2
0.8446369,-0.21984673,1
0.41578877,0.9761808,3
0.33829987,0.7048782,2
0.6938751,0.70135534,1
0.21116543,0.42653167,2
-0.11866057,-0.48316002,1
0.8923919,0.7305219,3
-0.8257493,0.86491334,4
0.5746031,0.002891779,3
0.12549365,-0.36079884,2
0.9903121,-0.19946992,3
-0.32946467,-0.95365083,4
0.9036083,0.046997666,3
-0.98553383,-0.33519697,4
0.08654928,-0.039578438,3
-0.051454067,0.40414202,4
0.113615155,-0.60827136,2
-0.011532545,-0.043308258,4
-0.7797539,0.52508795,2
-0.017706037,-0.5289401,4
0.031734586,-0.5599263,3
-0.099509716,-0.3473214,1
0.7566526,0.08527553,3
-0.69815636,0.30354488,2
0.8158977,0.15061378,3
-0.59317493,0.85251,2
0.48690307,-0.808494,2
-0.7252331,0.0053286552,4
0.40642536,0.3495221,2
-0.22491086,0.9731227,4
0.39965534,0.98478365,3
-0.10110819,0.4380858,1
0.57453847,0.4948753,1
0.5400052,0.51154816,1
0.7057067,-0.7905458,1
-0.22025573,-0.6364317,1
0.1811521,0.3413329,2
0.564119,0.292917,1
0.026781797,0.022092223,3
-0.37571096,0.0058095455,4
-0.629377,0.088012576,2
0.75010073,-0.5685898,1
-0.94773686,-0.19868445,4
-0.19672441,-0.92137635,4
0.59794974,-0.46035087,1
-0.09677577,0.6948917,4
-0.57728493,-0.2330668,2
-0.6823001,-0.30723155,2
-0.37574947,-0.42910516,1
0.05707574,-0.26065433,3
0.11662948,-0.36714292,2
0.85059536,-0.7612196,1
-0.0858233,-0.24411857,4
-0.047508717,0.7671379,4
0.19689894,0.74671674,2
0.49356854,-0.6643704,2
-0.7697593,-0.59006846,2
-0.70081687,-0.4364946,2
-0.58389735,0.21013546,2
-0.79179835,-0.7580142,2
-0.3571267,0.48757315,1
-0.048542023,-0.42142737,4
0.8847667,-0.67285883,1
0.11564112,-0.2539754,3
-0.33865356,-0.20922673,1
-0.806105,-0.25241792,2
0.77434087,0.3942008,1
-0.69659853,-0.51865554,2
-0.26046896,0.76357853,1
0.9597926,0.079918504,3
0.856709,-0.6761184,1
-0.0033888817,-0.13929331,4
0.021783471,-0.21589196,3
0.99465775,0.69789493,3
0.57463133,-0.11483896,1
0.6616334,0.37595034,1
-0.13191426,0.31211793,1
-0.27104604,-0.03083849,4
0.29259348,0.44691968,2
0.89319825,0.88157403,3
0.43388999,0.51011515,2
-0.06121421,-0.34801412,4
0.39511502,0.027168512,3
0.7818817,-0.33888137,1
0.37894702,0.028270245,3
-0.84985435,-0.43945122,2
-0.020350933,-0.8209218,4
-0.13302433,-0.43037534,1
0.6407286,-0.47186196,1
-0.8181958,-0.8422158,4
0.03378296,0.78589237,3
0.75049305,-0.64792097,1
-0.868124,0.21746731,4
-0.77612305,0.6961882,2
-0.80847347,0.19032216,2
-0.018745065,-0.6430948,4
0.20744324,0.17814004,2
0.41355538,0.052407503,3
-0.56894517,-0.74996126,2
0.9137106,0.2951945,3
0.79652405,-0.40844858,1
0.9964416,-0.76068604,3
0.40634835,0.88938856,2
-0.09565449,0.4405135,1
-0.7958163,0.1005044,4
-0.14862025,0.7296568,1
0.49775314,-0.49151862,2
0.42923403,0.72076523,2
-0.23655403,0.4939587,1
0.4086299,0.18827915,2
0.12156057,0.21430779,3
-0.51050377,0.5227213,2
0.7534094,-0.3392583,1
0.80568516,0.9852725,3
0.3562858,0.25456488,2
-0.98287714,-0.28851604,4
0.29839873,0.33059084,2
-0.4980172,0.95033836,4
-0.47660065,-0.73661983,1
-0.0981642,0.3612764,1
-0.6756141,-0.49433303,2
0.51321566,-0.7709904,1
0.0028489828,0.9691435,3
-0.2696488,-0.9993986,4
0.07273829,-0.3170613,3
0.92790353,0.81428313,3
-0.7312174,-0.13183248,2
-0.6373782,0.7939482,2
-0.8423132,0.9776094,4
-0.5666665,0.3525983,2
0.8984628,0.033917546,3
0.06532955,-0.98613226,3
-0.29727113,0.08001804,4
0.20493817,-0.83900774,3
-0.86255693,-0.28993547,2
0.081112385,0.40137947,2
-0.29748785,-0.3867842,1
-0.297374,0.042649984,4
0.49665236,0.6266304,2
-0.7672961,-0.4306904,2
-0.5694256,0.9056822,2
0.6695374,-0.54904056,1
-0.18788826,-0.91798747,4
0.44437218,-0.5276946,2
-0.5503628,0.45341253,2
-0.056849718,-0.17242765,4
0.21558821,0.7496884,2
-0.09125316,0.1489073,4
0.57998765,-0.582127,1
0.56561196,0.52786124,1
0.5445659,0.89691603,1
-0.96467507,0.43520403,4
0.042803288,0.3910861,3
0.11962843,-0.3524444,2
-0.1375053,0.2437656,1
-0.7123492,-0.8437661,2
-0.08089328,0.3563727,1
0.21819496,-0.72277224,2
0.9653536,0.044326425,3
-0.45063305,-0.57956064,1
-0.9486356,-0.7169534,4
0.64090455,-0.763307,1
-0.98185587,0.13795722,4
0.755038,0.07411826,3
-0.43642724,0.115618825,1
-0.2634766,-0.82072234,1
-0.20499146,0.6969552,1
0.17985082,0.116960645,3
0.28699982,0.05283606,3
0.4009782,0.106297016,2
0.38924432,0.18804264,2
0.0029981136,0.93639565,3
-0.44741738,0.959146,4
0.19185007,-0.2050184,2
-0.28543496,0.668578,1
-0.4572444,-0.4123808,1
-0.9526925,0.5109428,4
0.95492446,0.41847408,3
0.6365355,0.9544215,3
-0.09303284,0.027807117,4
0.7307259,-0.74778426,1
-0.28469944,0.72441494,1
0.15318859,0.42489338,2
-0.2891475,0.20716643,1
0.16909027,0.11898744,3
0.5250145,-0.4609779,1
0.68640685,-0.72871435,1
0.98475945,-0.7738888,3
0.06842148,0.18919647,3
0.46108615,0.0764637,2
0.25073266,0.84889793,2
-0.5723189,0.38699496,2
-0.72585475,-0.5755608,2
0.032349586,-0.44129014,3
0.033846736,0.45858812,3
0.7580657,0.90047,3
-0.9462342,-0.007741213,4
0.8803854,-0.01105535,3
0.7530347,0.36234045,1
-0.9283527,-0.74931514,4
0.09037268,0.3924284,2
-0.15068114,-0.42799592,1
0.044537902,-0.8716271,3
-0.16327107,0.780172,1
0.2886033,-0.942055,3
0.2512082,0.238204,2
0.097763896,0.5048177,2
-0.55944455,0.9244187,2
-0.7689868,0.3612151,2
0.46819615,-0.99769545,3
-0.23608935,0.9370277,4
-0.9538884,-0.29224563,4
-0.0783658,0.028177738,4
0.9095522,-0.52274466,1
0.44863367,-0.42792547,2
0.92688894,0.6063272,1
0.31482792,0.84787846,2
0.7811862,0.76275086,1
0.24096763,0.1350218,3
0.4178661,-0.30941272,2
0.05137062,-0.7377298,3
0.12716722,0.14152026,3
-0.06421006,0.41507053,1
0.15414846,-0.9211724,3
-0.1899662,0.9307873,4
0.16723394,-0.45833707,2
-0.12531018,0.26569176,1
-0.63557947,0.16498256,2
-0.26824677,0.68649864,1
0.081237674,-0.43876553,2
-0.1398102,-0.9986249,4
-0.35543668,0.82801783,1
-0.5151944,-0.5645833,2
-0.9190911,-0.9983225,4
-0.2091608,-0.13536227,4
-0.14250624,0.88688934,4
-0.28675735,-0.502198,1
0.8612968,0.3195808,1
0.11978114,0.8404554,3
0.588488,-0.56581056,1
0.8471587,0.65006983,1
-0.66132295,0.18164408,2
0.7569698,-0.48870802,1
0.93095016,0.3632387,3
0.552196,-0.301831,1
-0.041315556,-0.6043873,4
0.61529684,0.8744173,1
-0.7142056,0.39752042,2
-0.5429771,0.798072,2
-0.20212698,-0.10965884,4
-0.35654187,-0.915776,1
-0.6716914,-0.761999,2
0.22134233,-0.06372273,3
0.18386245,0.13103008,3
0.8934759,0.93576336,3
0.32957435,0.063011646,3
-0.50667703,0.99299467,4
-0.37631464,0.38107753,1
-0.06163323,0.5717418,1
-0.3847834,0.547017,1
-0.14583063,0.6329448,1
0.45689678,-0.44012964,2
0.78552294,-0.62627006,1
0.10246444,-0.19127154,3
-0.54112494,0.90347576,2
-0.16053367,0.096238375,4
-0.67604506,0.2893554,2
-0.4227966,-0.74433386,1
0.7560345,-0.1330415,3
0.41642368,0.14017677,2
-0.70137906,-0.049234033,4
0.6559051,-0.8385887,1
0.40591347,-0.14580369,2
0.35568023,-0.22915816,2
-0.17735493,0.8556615,4
-0.7769767,-0.006566167,4
0.3148098,-0.0021597147,3
0.29240775,-0.573293,2
-0.48169315,-0.38928473,1
0.5426464,0.0035163164,3
0.5650598,0.5895773,1
0.17280066,0.684165,2
0.52026093,-0.22178578,1
0.2139026,0.39944184,2
0.94387853,-0.4978851,1
-0.011992097,-0.27625573,4
-0.22047532,-0.7797333,1
-0.32718587,0.5357491,1
0.7605474,-0.5732415,1
0.9534718,0.34850574,3
-0.6256509,9.442568E-4,4
-0.9609976,-0.006998658,4
0.6902906,0.9996402,3
-0.18413901,0.25707304,1
-0.13583207,-0.11476815,4
-0.23615229,0.15915465,1
-0.5054877,-0.97557795,4
0.6592442,-0.57586133,1
-0.88460493,0.2646873,4
-0.24259019,0.9832542,4
0.64089227,0.9465653,3
-0.16590226,0.90418327,4
-0.51707697,-0.05678475,2
0.45462227,0.9408246,2
-0.9168347,0.49402308,2
0.4471984,0.14953184,2
0.7487476,-0.3676139,1
0.62696946,-0.06803644,3
0.75924265,0.9714745,3
-0.7725973,-0.9782362,4
0.79922795,0.23423898,1
-0.34593177,-0.17271328,1
0.7276547,0.079990864,3
0.5217688,-0.9241166,1
0.6650642,-0.9694723,3
-0.55973125,-0.31648457,2
0.28612816,-0.6687151,2
-0.32157016,-0.59045184,1
-0.74684286,-0.24911714,2
-0.8053994,0.26963508,2
0.9024359,0.13546133,3
-0.86292017,-0.60495746,2
-0.13291097,-0.841622,4
0.88808906,-0.52380407,1
-0.66351223,-0.5365447,2
-0.825112,-0.050423622,4
-0.5569544,0.2695048,2
-0.6393304,0.42446864,2
-0.056043506,0.6201043,4
-0.5548917,0.64987695,2
0.32057607,0.6165774,2
-0.22936511,-0.35119557,1
0.8255631,-0.8889271,3
-0.80239296,-0.040066123,4
-0.67733514,-0.9358983,4
0.36274672,-0.4053043,2
0.2224729,-0.15339136,2
-0.61501825,0.11614859,2
-0.0628289,0.6066594,4
0.37685418,-0.14333344,2
0.3570832,-0.0026230812,3
0.73489857,0.8020294,1
0.4717635,-0.6956241,2
-0.67294276,-0.92572916,4
-0.22019172,-0.29761338,1
0.3087294,0.6449611,2
0.1970638,-0.94694686,3
0.85216165,0.21110928,3
0.20629954,0.5262842,2
-0.9314774,0.78047717,4
0.6977836,0.23956609,1
-0.12862742,0.060923457,4
-0.1841346,-0.9269395,4
0.5387931,0.25484073,1
0.91922224,-0.500864,1
-0.12512195,-0.74354017,1
0.030680418,0.48547804,3
-0.2234267,0.87464345,4
-0.27343237,-0.23038995,1
-0.16282499,-0.19905698,4
0.90670776,-0.30570567,3
0.5526159,-0.73748624,1
-0.812976,0.6288942,2
-0.5383023,-0.80136764,2
-0.55891967,-0.77137756,2
0.89859676,0.3409196,1
-0.7601342,0.5051962,2
-0.75149405,-0.36991775,2
-0.66298044,-0.84146786,2
0.9896164,-0.75855744,3
-0.06290531,0.7657585,4
0.22249746,-0.700637,2
0.06619489,-0.68673396,3
0.7082516,-0.27521312,1
-0.98254097,0.9182714,4
-0.93218756,-0.92535913,4
-0.5702416,0.30320656,2
-0.82413554,0.59718335,2
0.21916687,0.2001735,2
-0.115202546,0.8501581,4
-0.7568855,0.07099581,4
-0.9611733,-0.6782675,4
-0.5582925,-0.3154359,2
-0.180897,0.67679226,1
0.25581372,0.7069794,2
0.36176968,0.04862714,3
-0.36522818,0.6974653,1
0.4081899,-0.35998452,2
-0.033210754,0.08640492,4
0.6069282,-0.37391853,1
-0.877661,-0.18031251,4
-0.35127556,0.7082161,1
-0.39351952,0.5205773,1
0.36809373,-0.19581282,2
-0.03742194,0.037570357,4
-0.49095643,0.3309834,1
0.23121715,0.061436057,3
-0.72035253,0.8068055,2
0.89928913,-0.28961694,3
-0.105924964,-0.5639006,1
0.6115657,-0.6412163,1
0.83560205,0.7219956,1
-0.52181387,-0.06181419,2
0.915802,-0.3443805,1
-0.6048312,0.041664124,4
0.73052263,0.749372,1
-0.018594742,0.64246964,4
0.73056316,-0.8944322,3
0.88593435,-0.51984835,1
0.7736647,0.2431705,1
-0.023805022,0.21290636,4
0.17518234,-0.14959002,3
-0.29473937,-0.518921,1
-0.5703927,-0.29730368,2
0.4788282,0.9270581,2
-0.03287351,0.3026098,4
0.58731246,0.9809979,3
0.60312057,0.38721788,1
-0.99764895,0.51590824,4
-0.6704081,0.23921478,2
-0.39081073,-0.8780683,1
0.41295803,0.07025802,2
-0.91313803,-0.7734046,4
0.56062293,-0.1384424,1
0.26815653,-0.7697573,2
-0.6112844,-0.401371,2
0.30359316,-0.47525644,2
0.28607154,-0.6192006,2
-0.008060813,0.16620779,4
0.7768533,0.38444495,1
-0.8208542,0.18230045,4
0.9194057,-0.01881516,3
-0.09559739,-0.7283443,4
0.45643055,0.7337369,2
0.003804803,-0.08719146,3
-0.8029182,0.69451475,2
0.96777713,0.7152879,3
0.3420558,-0.996812,3
-0.9320588,-0.055446386,4
0.56639683,0.71348643,1
0.98390853,0.42007244,3
-0.9089929,-0.02310586,4
0.5130873,-0.036955,3
0.67344034,0.97819126,3
-0.63915503,-0.04564023,4
-0.566568,-0.43205225,2
0.6893443,-0.29219663,1
0.23196852,0.4892,2
0.037400723,0.7781429,3
0.508988,-0.024965763,3
0.6783663,-0.8255576,1
-0.8502737,-0.26769483,2
-0.49283707,-0.9418564,1
0.22024012,0.7621163,2
-0.52876174,-0.14844835,2
-0.053052664,-0.15586579,4
0.49473774,-0.0998255,2
0.8025814,0.9796797,3
-0.81685674,-0.28710222,2
-0.77753735,-0.29551685,2
0.5108578,0.2944939,1
0.5624,-0.59110343,1
0.6417978,-0.2110188,1
-0.79394627,0.01036489,4
0.24930513,0.32963228,2
0.04966414,0.28545868,3
0.7042048,0.05799997,3
-0.7186103,-0.43159425,2
-0.4125738,0.30243897,1
-0.19194365,0.44772196,1
-0.26364255,-0.87521386,1
-0.22791266,0.5363617,1
0.8133508,-0.76314056,1
-0.7147665,0.7541926,2
0.8331034,-0.30270123,1
-0.74585843,0.151173,2
-0.3731532,0.021222353,4
0.48774898,-0.1717217,2
-0.4395436,0.22377038,1
0.19117236,0.6001078,2
0.4470774,-0.116420746,2
-0.47037673,-0.2863822,1
0.2702204,0.21962202,2
-0.21536136,0.12319422,4
-0.39064634,0.2469064,1
0.35050178,0.8611909,2
0.3668728,0.7917744,2
-0.41062462,-0.8207246,1
0.14429998,-0.85925746,3
-0.4312055,0.01980424,4
-0.7007755,0.6590028,2
0.66550803,-0.43533516,1
-0.9933163,0.2931037,4
-0.31285727,-0.9355612,4
0.5044606,-0.42950654,1
0.8210074,-0.25748003,1
-0.14251506,-0.21371853,4
-0.31798708,-0.42766857,1
0.049738526,-0.5592201,3
0.84484565,0.32269263,1
-0.19839048,-0.2676052,1
-0.6138314,-0.95544016,4
-0.70340085,0.7477504,2
-0.4610772,-0.37404597,1
0.8449811,0.80933404,3
-0.98777175,0.07128656,4
0.55602694,-0.21856666,1
0.8276304,0.57313585,1
0.2585709,-0.30500102,2
-0.33253443,-0.5482924,1
0.40707064,-0.8152149,2
0.25712812,0.75886524,2
0.5232552,-0.5524999,1
0.7744653,0.30514705,1
-0.8804842,-0.10628235,4
0.7921057,-0.49878383,1
-0.92178166,0.70125675,4
-0.06080091,0.5476234,1
0.45117688,-0.9378779,2
0.97601295,0.9027388,3
0.7069454,-0.8163078,1
-0.002460122,-0.2413919,4
-0.017041683,-0.1513443,4
0.24143755,0.5149673,2
-0.93132067,0.50449,2
0.72318506,-0.57441366,1
0.10990667,-0.9544189,3
0.4405154,-0.93235004,2
0.6195438,0.42914426,1
0.9944135,0.82941973,3
-0.17594087,-0.55404437,1
-0.4890349,-0.09441519,1
-0.033639193,-0.07920122,4
-0.90594554,0.4214028,2
-0.495031,-0.42600918,1
0.601534,-0.72991514,1
0.5575224,-0.8808613,1
0.2564969,0.44329488,2
-0.923632,-0.05558765,4
-0.04864633,0.3687364,4
0.5391009,-0.8776393,1
-0.42247438,0.75449896,1
0.09250188,0.37016952,2
-0.6490996,-0.7037432,2
0.59071326,0.94801736,3
0.96721804,0.3559519,3
0.5852573,-0.99614215,3
0.10796344,-0.6991029,2
0.604481,-0.62920713,1
0.95309436,-0.061821938,3
-0.16672933,0.7767347,1
-0.89977705,-0.36502385,2
-0.81824386,-0.52996397,2
-0.169837,-0.06864774,4
0.6067947,0.6902213,1
-0.28325307,0.28477192,1
0.09611225,-0.33285987,2
-0.09354389,-0.0018948317,4
0.89716864,0.018304467,3
-0.7260846,0.24414015,2
-0.8925737,0.7926264,4
-0.5928929,-0.31480205,2
-0.3426758,0.89526165,1
-0.16301298,0.6778666,1
0.81070745,0.29505157,1
0.97697127,0.038082123,3
-0.34016907,0.99165297,4
-0.7132772,-0.6850977,2
0.5646541,0.08862817,1
-0.33875597,0.38274992,1
-0.7784331,-0.97746325,4
-0.058811426,0.718272,4
0.9687519,-0.2662915,3
0.7454883,-0.80782485,1
-0.75082374,-0.3146175,2
-0.9239433,0.697585,4
-0.15594983,-0.3459469,1
0.9009291,0.98002994,3
0.8270557,-0.70883095,1
-0.71756446,0.061720848,4
-0.7784145,-0.08293486,4
0.7078346,0.50225735,1
-0.6003128,0.83067405,2
0.7594527,-0.8466016,1
0.4537474,0.7379434,2
0.819247,-0.80253077,1
0.49271512,-0.4910276,2
0.35952663,0.16398382,2
-0.7622913,-0.684034,2
-0.22071075,0.7600285,1
0.8722422,0.8846811,3
-0.51253843,-0.903973,2
0.07637358,-0.12911165,3
0.8247175,-0.984934,3
0.059398532,-0.3334986,3
0.80020165,-0.5773374,1
0.5011233,-0.1802988,1
-0.12465,-0.14742482,4
0.19731247,-0.051874876,3
0.062289357,0.98714685,3
-0.7580348,0.9187596,4
-0.6415489,-0.12188673,2
-0.58980286,-0.7964134,2
0.48277092,0.4924469,2
-0.54547596,-0.10643685,2
0.5141057,-0.3494662,1
0.99933493,0.71866024,3
0.39249527,0.049936295,3
0.09963727,0.58822906,2
0.39306808,0.9025619,2
0.088330865,0.2999164,3
-0.7835387,-0.3121059,2
-0.37985098,0.9889668,4
0.88552916,0.97791755,3
0.6600747,-0.9184352,3
-0.64593744,0.46464193,2
0.17082012,-0.38936806,2
-0.1913085,-0.13092113,4
-0.67956436,-0.9587691,4
0.8007901,0.8877977,3
-0.16889417,0.68269503,1
0.3330003,-0.29732776,2
-0.4212104,-0.56067395,1
-0.8718468,0.71026325,2
0.4668758,0.3307364,2
0.8413292,-0.70513546,1
-0.04694259,0.81268716,4
-0.21572089,0.8552034,4
0.20598197,0.52183366,2
0.6923734,-0.5129788,1
0.7870085,0.3816781,1
0.5858612,0.21641707,1
-0.14609277,-0.07301664,4
0.2989552,0.37229156,2
0.31016827,0.7709607,2
-0.25717688,-0.6128621,1
-4.4465065E-4,-0.9490434,4
0.43390155,-0.7633369,2
0.17573667,0.797657,2
0.7902733,-0.010553598,3
0.047572255,0.98975825,3
-0.25939596,0.06342757,4
0.47951448,0.7466444,2
0.39802372,0.20811284,2
-0.03758502,0.9981247,4
-0.9476712,-0.2121154,4
0.09290016,-0.9687656,3
0.18615389,0.37683392,2
0.120714664,-0.31574237,2
0.31379032,-0.86049676,2
0.0356102,0.42850816,3
-0.6041988,-0.9785361,4
0.3423059,0.09626114,2
0.65046513,0.87165105,1
-0.4311577,0.1820929,1
-0.45243728,-0.36601615,1
-0.09337425,0.22451282,4
0.4455657,-0.54560924,2
0.7071897,-0.8188193,1
-0.93440247,-0.36740887,4
0.16000998,-0.4835359,2
0.16155434,-0.10626328,3
0.92768407,-0.84689355,3
-0.74627936,-0.5425651,2
0.18074751,0.88513386,3
0.082526684,-0.7588483,3
-0.003070712,-0.6521821,4
0.98048294,-0.44184005,3
-0.107424855,0.38982177,1
0.15574872,0.5699575,2
-0.9576384,-0.45391417,4
-0.036564708,0.14856601,4
0.0036312342,-0.72266483,3
-0.32491577,-0.27927935,1
0.26125312,0.38931763,2
-0.36152232,-0.96467304,4
0.19670606,-0.6057105,2
0.67600274,-0.044430733,3
-0.008847475,-0.99264574,4
0.25839746,0.5718576,2
0.10796344,-0.8841945,3
0.6013098,0.8117832,1
0.25803375,-0.2883544,2
-0.9145973,-0.1549468,4
-0.19487143,0.88319445,4
-0.9513018,0.90789306,4
0.3735044,0.124714255,2
-0.67433655,0.57177174,2
-0.2875284,-0.7970134,1
0.22566724,0.23091435,2
0.67000103,0.53283453,1
0.7995707,0.86356544,3
0.22873974,-0.46807325,2
-0.88568676,-0.47876918,2
-0.9570224,0.4773687,4
-0.75036645,0.012311697,4
0.645522,-0.14268017,1
-0.7120528,0.772037,2
-0.38832808,-0.3587823,1
-0.3413695,-0.2439686,1
-0.60264313,-0.020616055,4
-0.1765523,-0.42686665,1
-0.4848863,-0.059641123,1
-0.016159296,-0.89667356,4
-0.8387772,0.5120262,2
-0.18228817,-0.9457346,4
0.62761223,0.39646113,1
-0.6911218,0.72650707,2
0.8718778,0.44072688,1
-0.3564825,0.52108335,1
-0.19195461,-0.15491974,4
0.57286096,-0.82238126,1
0.33084464,0.7109809,2
0.26956677,-0.4728068,2
0.1898452,0.82495546,3
0.7573447,0.73822296,1
-0.23933566,-0.23198736,1
-0.27856934,0.088656545,4
0.9736558,-0.9025581,3
0.69465816,-0.41707695,1
0.39237058,-0.77175546,2
-0.9254304,0.022692561,4
0.20221686,-0.8388684,3
0.5069765,-0.88173115,1
0.97296274,-0.06473398,3
-0.75244284,0.9802216,4
0.077103615,0.8552282,3
-0.9063233,0.8528137,4
0.9409889,0.5378151,1
0.30308843,-0.35771775,2
-0.48046696,-0.31373966,1
-0.9447825,-0.03926003,4
-0.057828665,0.42455113,4
0.9663048,-0.23675561,3
-0.11747575,-0.13377178,4
-0.025007367,0.8206054,4
-0.65665925,0.36016083,2
-0.3655758,0.2691313,1
0.9892782,0.21630132,3
-0.92369187,-0.75759125,4
0.4517709,-0.5103924,2
-0.7213851,0.457255,2
0.0027205944,-0.9313065,3
0.9298376,0.84031034,3
0.25833452,0.5120989,2
-0.67149293,-0.5062424,2
-0.97626936,-0.9096384,4
-0.8923876,-0.9350171,4
0.69672775,-0.22638834,1
-0.11831164,-0.1314553,4
0.77065504,0.5556885,1
0.4628073,-0.22128665,2
-0.35265863,-0.21341872,1
-0.6050186,-0.7575135,2
-0.78971434,0.011326671,4
-0.9397148,-0.061987996,4
-0.7868173,0.2576269,2
0.39125705,0.20965123,2
-0.40944302,0.50489366,1
-0.30893326,-0.05737257,4
-0.8434185,0.0889492,4
0.6549897,0.89773,1
-0.03220129,-0.40977216,4
0.37459457,0.51650846,2
0.80924,-0.9836956,3
-0.10828996,-0.9573027,4
0.026455045,0.17542648,3
-0.71413445,-0.39460778,2
-0.7454827,-0.4437785,2
-0.109028935,0.19914949,4
0.756762,0.9459065,3
0.14020693,0.70733964,2
-0.8703345,-0.24260163,4
-0.14061022,-0.9143559,4
0.38595092,-0.42675948,2
-0.7733258,-0.7033211,2
0.0070614815,0.8859761,3
-0.22021687,-0.28523445,1
-0.14887357,-0.7884606,4
-0.9982462,0.55846,4
0.9873102,-0.3783443,3
-0.59562993,0.92052186,2
-0.94295716,0.8866669,4
-0.5617435,-0.48033738,2
0.87341774,-0.39861,1
0.8044628,-0.82892406,3
-0.82041824,-0.70041335,2
-0.83001256,-0.15495968,4
0.094068766,0.2196455,3
0.2760265,0.1427015,2
0.35581458,-0.7063402,2
-0.11901224,0.059625626,4
-0.5946387,-0.5210018,2
0.83993614,0.4312452,1
0.24410653,0.7767246,2
-0.64116025,-0.23343992,2
0.32418764,0.38208902,2
-0.42228484,0.990268,4
-0.8571986,-0.7576926,2
-0.8352665,-0.4519459,2
-0.76722395,0.86573505,4
0.60799265,0.4104277,1
-0.3763976,-0.79967284,1
-0.031301737,0.66892385,4
-0.85726714,-0.39974725,2
0.6358688,0.99255836,3
0.9658438,0.80617416,3
-0.74340093,0.4462899,2
0.2182585,0.11182046,3
-0.30316746,-0.2827127,1
-0.92957747,-0.23194265,4
0.33620918,0.20566511,2
0.33203328,-0.36703157,2
0.9688252,-0.32307124,3
0.9872446,-0.7839681,3
0.35286522,-0.8871989,2
0.16360164,0.8460535,3
0.34050357,-0.68922424,2
-0.29239118,-0.36786866,1
0.37092185,0.8522984,2
-0.3510915,0.25684035,1
0.8006995,0.8728099,3
-0.54696035,-0.8304522,2
0.4854195,-0.8818673,2
-0.04902911,0.32007492,4
0.65353715,-0.038767815,3
0.33464932,-0.2701819,2
-0.6009133,0.18788421,2
-0.4545039,-0.3637954,1
0.065612435,0.65211606,3
-0.03780508,0.020486832,4
0.93299854,0.471601,1
0.50158536,0.5481627,1
-0.48390245,-0.19513333,1
0.34956896,-0.5182626,2
-0.4650817,-0.14213169,1
-0.41350996,0.2894014,1
0.34758806,-0.55493116,2
-0.7064564,0.44899428,2
-0.9924494,-0.07620692,4
0.43471646,0.46912253,2
-0.1950444,-0.21931028,1
0.2951653,0.209517,2
-0.6003624,-0.36774206,2
-0.3043977,0.12792325,1
0.70143294,-0.6295017,1
0.048274398,-0.2854799,3
0.28603482,0.008935094,3
-0.19018376,-0.14316559,4
-0.834399,-0.76104903,2
-0.46279693,-0.37562644,1
0.50860417,-0.5268035,1
-0.135939,0.54500186,1
0.79990876,0.31968462,1
-0.13421595,-0.9070536,4
0.8579657,0.99119043,3
-0.16541219,0.20601976,1
0.020804167,0.510149,3
-0.9176221,0.2381792,4
-0.8531474,-0.97399795,4
0.45395708,0.030195951,3
-0.64748824,0.83280134,2
-0.5292926,-0.40051746,2
0.6590183,0.3789518,1
0.92181146,0.3197912,3
-0.9890586,-0.27632535,4
0.043864965,-0.95142543,3
-0.946656,0.44772792,4
-0.27074826,0.28654253,1
0.24117112,0.30702507,2
0.30893576,0.5988885,2
-0.53899527,-0.8288113,2
-0.022262692,0.82554555,4
0.56139433,-0.33484876,1
0.7622609,0.34969366,1
0.73424625,0.98731244,3
-0.25274146,0.32683396,1
-0.681821,-0.42462873,2
-0.96956277,0.40459096,4
-0.4114635,0.49991262,1
0.30485868,0.34576583,2
-0.22766185,0.9615326,4
0.08973575,0.020060778,3
-0.2744454,0.23137605,1
0.24341011,0.525584,2
-0.6883365,-0.6046792,2
0.576692,0.46825194,1
-0.0673182,0.83282363,4
0.0018767118,0.55029166,3
0.32622886,0.38302386,2
0.8452045,0.13922298,3
0.62536645,-0.5702677,1
0.6421249,-0.8967562,1
0.7839197,0.8862995,3
0.13055336,-0.7386446,2
0.33193433,0.4001999,2
-0.75632894,-0.18337727,2
-0.39169574,-0.44911563,1
-0.05166936,-0.7153194,4
0.21612096,0.81467175,2
0.8265842,0.019233227,3
-0.4120921,0.45507157,1
0.6863489,0.45037234,1
-0.109196305,0.010092378,4
-0.67591274,-0.2751838,2
-0.26459002,-0.15982163,1
0.24017799,0.36067736,2
-0.5028821,-0.67191684,2
-0.19976687,-0.24965417,1
-0.23276496,0.2481116,1
-0.5019671,0.46706724,2
-0.6936605,-0.08411157,4
0.84435403,-0.8864578,3
-0.3115381,-0.23346674,1
-0.50168276,0.31041455,2
0.947626,-0.32952523,3
-0.12718236,0.9310943,4
-0.6550716,-0.32998407,2
-0.83679724,-0.9244906,4
-0.22709656,0.9003055,4
0.92994356,0.92385817,3
0.2438612,-0.35402977,2
0.6542052,0.56324947,1
-0.15910316,0.08595669,4
0.5037706,-0.6674447,1
0.9463171,0.0070170164,3
-0.39920676,-0.9626496,4
-0.46449924,0.2398783,1
-0.1413145,-0.44273353,1
-0.100830555,0.81686735,4
-0.27935314,-0.43155766,1
0.9293916,0.7972479,3
0.43575788,-0.84372056,2
-0.29866827,0.6946627,1
-0.31974113,-0.52306986,1
-0.33801627,-0.28599846,1
-0.017050266,0.9746157,4
0.48836088,-0.7868792,2
0.43715155,-0.7329868,2
0.32153916,-0.49522948,2
-0.7488004,0.1198256,4
-0.6284642,0.26872253,2
-0.2399416,0.047775626,4
-0.8955606,-0.6774093,2
0.3287078,0.26240957,2
-0.31803858,-0.42243707,1
-0.85900104,-0.14672792,4
0.8703326,0.8638929,3
-0.015423775,0.31048477,4
0.14720047,-0.46161473,2
0.89325404,-0.4979471,1
-0.37992525,0.87642384,1
0.7542876,-0.106913805,3
0.06738806,-0.89529705,3
-0.12817562,-0.32241595,1
-0.10591936,-0.6456145,1
0.9233339,-0.71624553,3
0.059737444,-0.9791925,3
0.9580368,0.76453626,3
-0.37808836,0.12422609,1
0.051632762,0.40582848,3
-0.99519885,-0.19814932,4
0.21753716,-0.35806763,2
0.5496236,-0.54385006,1
-0.7697991,0.38312685,2
0.45479846,-0.82392144,2
0.47099102,-0.8873441,2
0.52960336,0.5805603,1
0.87287843,-0.26553035,1
-0.046218514,-0.64231265,4
0.90938544,-0.060157895,3
0.6783291,-0.4547137,1
-0.4802724,-0.24224758,1
0.4713577,0.48166192,2
-0.65908825,0.5641874,2
-0.30931425,0.7185855,1
0.8650589,-0.0909431,3
0.46614552,0.8073443,2
0.67397785,-0.5077735,1
-0.55482256,0.42455864,2
-0.9781374,0.05454254,4
-0.027911544,0.88537776,4
0.32098508,0.07414627,3
0.4425758,0.69174576,2
-0.10424447,0.3576331,1
0.5402106,-0.21694648,1
0.35007644,0.9307182,3
0.59125054,-0.097676516,1
-0.5346228,-0.73872674,2
0.8703449,0.6759869,1
-0.5828544,-0.35755312,2
0.38562942,-0.7515466,2
-0.24749887,-0.46519756,1
-0.46817732,0.63943183,1
0.777972,0.48004937,1
-0.38006258,-0.666018,1
0.3139521,-0.32274854,2
-0.7009363,-0.68955934,2
0.010423899,0.9338933,3
-0.56242836,0.003825903,4
-0.801249,-0.89636064,4
0.31745958,-0.7575388,2
-0.5307442,0.5910413,2
0.7371665,0.5400193,1
0.48773563,0.4881084,2
-0.43310273,-0.76314235,1
-0.048905373,-0.4879408,4
-0.26038897,0.73254335,1
-0.23076665,-0.6024945,1
-0.09527826,0.7112286,4
-0.43520164,-0.32423282,1
-0.13401937,0.01469326,4
0.2031908,-0.078719616,3
-0.6531099,0.25229132,2
-0.6175605,0.28862345,2
-0.015448689,-0.15311551,4
0.1874938,-0.61166334,2
0.18552303,0.9014859,3
-0.9112505,-0.20354998,4
0.55576396,-0.1605649,1
-0.9359615,-0.5412582,2
0.04301226,0.43434918,3
-0.44806266,0.28972173,1
-0.762787,0.724007,2
-0.21155739,0.8879608,4
-0.972705,0.9200945,4
-0.9936292,-0.3403411,4
0.10643506,-0.7849755,3
-0.96388626,-0.91644967,4
0.7798619,0.18572748,1
-0.6323075,-0.6591227,2
-0.18252409,-0.9534668,4
-0.17127872,-0.7909881,1
0.39751506,0.4594158,2
-0.9064863,0.7673651,4
-0.27208138,-0.9733987,4
-0.5610559,-0.9632307,4
0.96084845,0.4307238,3
0.95791566,-0.22792661,3
-0.6837423,0.8205042,2
0.06769717,-0.98799884,3
0.71687365,0.24071121,1
-0.87444377,-0.923579,4
-0.94479215,0.3555777,4
-0.41313493,0.06132698,1
0.8401704,0.502789,1
-0.008731008,0.74452996,4
0.31473863,-0.76523626,2
0.5019022,0.56510603,1
-0.8636097,0.35561204,2
-0.60639083,-0.98197484,4
-0.16066992,0.35251057,1
-0.78751576,0.60937893,2
0.053899407,-0.23781788,3
-0.9841124,-0.6992538,4
0.877146,-0.9741634,3
0.6357255,0.14324462,1
-0.06620574,-0.20527554,4
-0.9441937,-0.77126586,4
0.1345278,-0.61500025,2
-0.6946944,-0.010267973,4
0.5554836,-0.51720977,1
0.5748905,0.73937356,1
-0.6125896,-0.48763835,2
-0.82882667,0.7929914,2
-0.27552223,0.9524305,4
-0.6685107,-0.1554147,2
0.8019692,-0.12532759,3
0.4983288,0.931895,2
0.9009813,0.047175765,3
-0.6438066,-0.5835211,2
-0.19999254,-0.036856532,4
-0.50049067,0.18990326,2
0.68233955,-0.603053,1
-0.9538988,-0.2901075,4
0.65029824,-0.26268256,1
0.63543344,-0.4566816,1
-0.6706599,0.988914,4
-0.86556435,-0.42523766,2
-0.12470412,-0.5371157,1
0.8775872,0.81481266,3
-0.53417337,-0.30529273,2
0.53460026,0.35227704,1
-0.9666612,-0.15976882,4
-0.34763753,-0.86361647,1
-0.4169687,-0.07871711,1
0.76283383,0.3022927,1
-0.5303353,-0.060340166,2
-0.32831228,0.17565477,1
0.0444901,0.578125,3
0.41120636,0.07549608,2
-0.77473557,-0.6091622,2
0.404117,0.9017072,2
-0.085645914,0.89136827,4
-0.027225375,-0.7776799,4
0.450804,-0.4818002,2
-0.4483261,-0.698611,1
-0.8786346,-0.75419414,4
0.21329367,0.021632195,3
0.39354634,-0.32935357,2
0.57157373,0.9043207,1
0.22272015,-0.8013538,2
0.23896015,0.015731335,3
0.3084085,-0.13696265,2
0.018275023,0.2345767,3
-0.65350986,-0.91573346,2
0.4272406,0.5542047,2
0.48999226,-0.9713917,3
-0.71985984,-0.62071216,2
0.76823354,0.21710563,1
0.46791613,-0.62229013,2
0.030629635,-0.3244108,3
-0.85368586,-0.25081992,2
0.016873002,-0.39977336,3
-0.095948815,0.8137677,4
0.8801888,0.5479351,1
0.5632565,0.8033242,1
0.40687597,0.2599734,2
-0.23232186,-0.48983896,1
-0.6834135,-0.990772,4
0.92669,-0.97985744,3
-0.5417758,-0.14746737,2
-0.8274418,0.79755485,2
0.031659484,0.30044186,3
0.3035605,-0.2810204,2
0.79261124,0.026104808,3
0.056466818,0.7514672,3
0.6952485,-0.43358862,1
0.089925766,-0.5286864,2
-0.21623778,-0.8272203,1
0.6580229,-0.1852653,1
0.08105099,0.6024772,2
-0.21547568,-0.21205342,1
-0.5082786,-0.33289945,2
-0.2318362,-0.55486524,1
0.621004,0.6419289,1
-0.20590127,-0.47171843,1
-0.77459276,-0.5363089,2
-0.6860578,-0.33116055,2
0.6006602,-0.81349766,1
-0.51462066,0.050056934,4
-0.5453131,-0.985785,4
0.41240346,0.6488943,2
0.11622393,0.87632954,3
0.059961557,-0.49732447,2
-0.26732397,-0.13568032,1
-0.32512343,-0.5810716,1
0.3846153,-0.29761708,2
-0.7478627,0.8645307,2
0.79092276,-0.99588346,3
0.24709082,-0.2141813,2
0.031137347,0.4835919,3
-0.663931,0.33449972,2
0.03458762,-0.92886746,3
-0.16188908,-0.92895055,4
0.57502115,-0.53754604,1
-0.522475,0.51003635,2
-0.7083162,0.84256256,2
-0.17884243,-0.16098154,4
0.49132693,-0.8828989,2
0.07672107,0.41906297,2
0.8598964,-0.89595735,3
-0.61803913,0.051561475,4
0.94838476,0.8444233,3
0.42264068,-0.07987094,2
0.64645183,-0.054947495,3
0.64537203,-0.8085191,1
0.60316014,-0.9620068,3
-0.28446245,-0.7549356,1
-0.4890387,0.8064488,1
0.7285371,0.81387854,1
-0.31736958,-0.7338271,1
-0.6868521,-0.46937394,2
-0.20188391,0.19352043,1
0.74901164,-0.28738868,1
0.98746765,-0.2500702,3
0.91747344,-0.92960024,3
-0.5134344,-0.13165331,2
-0.04121983,0.4302001,4
-0.5749817,-0.853477,2
-0.6571828,0.7154839,2
-0.61773956,0.5481311,2
-0.61978734,-0.8069577,2
0.21178079,0.76436734,2
-0.5079098,0.3622501,2
-0.65100026,0.66157436,2
-0.41242135,-0.48021054,1
0.9812795,-0.23397934,3
-0.7827711,0.78773844,2
-0.30413032,0.5532396,1
-0.39219058,0.7292714,1
0.69144106,-0.33962,1
0.850894,-0.7719861,1
-0.46928084,-0.32374644,1
0.30678225,0.36536133,2
0.44627833,-0.5581852,2
0.3704505,-0.95792866,3
-0.85923314,-0.22342002,4
0.082475305,0.15969074,3
0.12989438,-0.8968971,3
0.39155388,-0.43635166,2
0.27588964,0.8474897,2
-0.7960768,0.5691439,2
0.09651685,0.9306809,3
-0.512501,-0.18443525,2
0.58709514,0.7207433,1
-0.2850225,-0.8464298,1
-0.9315171,0.984854,4
-0.30818748,-0.8540218,1
0.4121331,-0.43860602,2
0.46445847,-0.8998256,2
-0.13520885,-0.5257423,1
0.46540248,-0.95679307,3
-0.39784455,-0.75399244,1
-0.4706409,0.054557443,1
-0.38395464,0.35300064,1
0.89590156,-0.6044611,1
-0.85221434,0.62948775,2
-0.934656,0.084394336,4
0.7173147,-0.59944165,1
0.445673,-0.71528804,2
0.98991346,-0.9564158,3
0.4488598,-0.9197421,2
0.92864025,0.2886312,3
0.17627442,-0.963487,3
-0.4100182,0.0205549,4
0.4677559,0.1891036,2
-0.24638057,-0.3041824,1
-0.94899774,0.6992142,4
0.58648825,-0.80165946,1
0.27238953,0.979455,3
-0.49029648,-0.5999055,1
-0.3465308,0.38032413,1
-0.82112503,0.63900197,2
-0.18323135,-0.046661615,4
-0.65045226,-0.53926,2
0.4589945,-0.055597305,2
-0.24306583,0.3800633,1
-0.40063536,0.7485353,1
0.90095305,0.09547067,3
-0.34308612,-0.5405487,1
0.7333096,0.9387896,3
0.6558033,-0.08426607,1
-0.8363522,0.6652087,2
0.44574726,-0.5233444,2
0.53862965,-0.2976756,1
0.96072245,0.50867975,3
-0.16564715,0.29803455,1
-0.290514,-0.26197505,1
0.30325508,-0.33800197,2
-0.33633924,0.8914355,1
0.32728493,0.115519285,2
-0.96790624,0.22873783,4
-0.123414636,0.78801155,4
-0.0860759,0.14538479,4
0.41544926,-0.23122478,2
-0.88135946,-0.37423277,2
0.52431464,0.49108934,1
0.42194796,0.24961936,2
-0.3612194,-0.95179987,4
-0.13468158,-0.858374,4
-0.10401726,0.08058679,4
-0.64024067,0.8118744,2
0.4083917,0.7000333,2
0.5569165,0.5218406,1
0.66962326,0.9039272,1
-0.27928603,0.54318655,1
0.081893325,-0.7355175,3
-0.03084147,-0.47297955,4
-0.34274244,0.9401345,4
0.838766,0.8979664,3
0.1929512,0.74431896,2
0.51463735,0.61516535,1
-0.9055557,0.020619035,4
0.41010582,-0.657807,2
0.4889518,-0.7805176,2
-0.00509429,0.7371088,4
0.3390391,-0.4367373,2
-0.93492436,0.5659553,2
-0.5361532,-0.85762644,2
-0.9923849,0.16776979,4
0.26877964,0.73124206,2
-0.69414246,-0.37742424,2
-0.3310454,-0.019842744,4
-0.39358342,0.11814356,1
0.2942587,-0.7340814,2
0.4554987,-0.54492533,2
-0.75730383,-0.8854637,4
-0.5773277,0.50773454,2
-0.90669525,-0.106485724,4
-0.8435755,0.56174123,2
0.8209481,-0.5339016,1
-0.86815155,0.7243941,2
0.92473996,0.16818249,3
0.9116615,0.6561005,1
-0.7271012,0.17947948,2
-0.11620617,-0.541705,1
-0.3060584,0.8894758,1
0.17957604,-0.90742505,3
0.5529944,-0.112775326,1
-0.885069,0.7690395,4
0.8195822,-0.17989922,3
0.61300755,0.55765903,1
-0.6322323,0.5643742,2
0.021721244,0.4296627,3
0.39038157,-0.66975904,2
-0.8237418,-0.9325619,4
-0.6729561,-0.20756423,2
-0.101414084,-0.7114402,4
0.10265136,0.80762243,3
0.078475,0.6658014,3
-0.21777964,0.37054968,1
-0.4701984,0.9001292,1
-0.96612847,-0.8021169,4
0.7295402,-0.6162894,1
0.650023,0.64329267,1
-0.12629151,0.9971926,4
-0.5655118,-0.12230015,2
0.25466454,-0.0015935898,3
0.17834091,0.65870714,2
-0.61109555,0.5130148,2
-0.59042597,-0.786482,2
-0.5035447,0.9224448,2
0.8314494,0.326782,1
-0.47407782,-0.19198513,1
0.61395025,-0.3783822,1
-0.11169219,-0.8440237,4
-0.7448721,0.11775327,4
-0.85578275,-0.48397565,2
-0.101183295,-0.27935648,4
-0.899449,0.651693,2
-0.37211,0.5212327,1
0.9131197,0.99721336,3
0.2248956,0.2556113,2
-0.059149265,-0.32961428,4
-0.38726103,-0.51868665,1
0.11673498,0.769573,3
0.09654057,0.87280226,3
-0.3670416,-0.25393093,1
0.5945704,-0.67055786,1
0.7066026,0.48810577,1
0.27322423,-0.46216202,2
-0.6970364,0.733147,2
0.9215443,0.35598803,1
0.93225336,-0.9493563,3
-0.42073822,-0.58537245,1
0.26979578,-0.9258915,3
0.46445107,-0.9069214,2
-0.5713681,0.23147607,2
0.25958836,-0.6392367,2
0.56679,-0.09524405,1
0.9663032,-0.3745848,3
0.25067973,-0.121260166,3
-0.48114204,-0.15466452,1
0.013716817,-0.095010996,3
-0.62491846,-0.19758081,2
0.01920271,-0.8412155,3
-0.36691666,0.058025002,4
-0.8862517,0.90667725,4
0.6357746,-0.9057989,1
0.078474164,0.5904952,2
0.33749318,0.25372577,2
0.067417264,0.18617344,3
0.263546,-0.984512,3
-0.63514555,-0.31518185,2
0.07123339,-0.03516352,3
-0.7243036,0.09753585,4
-0.57192504,0.5357808,2
-0.45296717,0.88950324,1
-0.9010078,-0.3862456,2
-0.1530881,-0.75646126,1
0.24981129,-0.2993436,2
0.92233026,0.23633969,3
-0.4684161,0.2709936,1
-0.17272592,-0.2649262,1
0.5420952,0.8082726,1
-0.46017456,0.59792876,1
0.8319776,-0.17026055,3
-0.8576051,0.2555517,2
-0.67120886,-0.083233476,4
-0.93010306,0.78330266,4
0.5202112,-0.29445457,1
-0.4327662,0.62543654,1
-0.8747096,0.20238829,4
-0.9488982,0.83646464,4
0.48008263,0.3202634,2
-0.56550527,0.35305643,2
0.19143939,0.744843,2
0.31913924,0.84919,2
-0.47753406,0.0921942,1
0.24657428,-0.73864913,2
-0.25184608,-0.31453907,1
0.6589763,-0.6408051,1
0.674551,-0.57016563,1
-0.12626135,0.6962333,1
-0.50481725,-0.61454654,2
-0.97996044,-0.022957087,4
-0.9587414,0.31448328,4
0.60128725,-0.9492432,3
-0.32431233,-0.79434633,1
0.9957063,-0.7300712,3
-0.9754623,-0.54263127,4
-0.068964124,-0.6197053,4
-0.5959921,0.8357811,2
-0.30784345,-0.87226,1
0.18820238,0.72983897,2
-0.25246787,-0.26254392,1
-0.99381626,-0.27958846,4
0.5979743,0.8465662,1
-0.8795785,0.590557,2
-0.77300465,0.521477,2
0.71851397,0.060471535,3
0.6147156,-0.012910247,3
0.27292478,0.5715277,2
0.6970483,-0.38466,1
-0.7523737,0.11321962,4
0.019988656,0.7000575,3
-0.05455613,-0.46482348,1
-0.45211196,-0.62510586,1
-0.5837567,-0.9296833,2
-0.19157887,-0.3417009,1
0.3358605,-0.6224109,2
-0.7493787,-0.36224127,2
0.40202892,0.6627277,2
-0.4077872,0.99452186,4
0.8909842,-0.8715873,3
0.5560676,-0.164186,1
0.9226035,-0.17716205,3
-0.9581928,0.71638083,4
0.06983876,-0.014189124,3
0.027411222,-0.9764054,3
-0.87198067,-0.77169216,4
0.7085378,-0.044916034,3
0.070786715,-0.27474797,3
-0.7973385,-0.82408106,2
0.93269193,0.35883164,3
-0.005064726,-0.8989383,4
0.07577658,-0.8661946,3
-0.11204076,0.46160197,1
-0.9480171,0.81610334,4
-0.9752898,-0.6100061,4
0.12944865,-0.35299242,2
-0.64965487,-0.6338843,2
0.104337215,0.088938236,3
-0.7867465,0.82475364,2
-0.10220921,0.20325112,4
-0.49131715,-0.48542345,1
0.7980784,-0.31036603,1
0.45082545,-0.5464088,2
0.24048483,0.48104262,2
0.6140114,0.8374547,1
0.44266784,0.64429927,2
0.9844297,0.9721515,3
0.78304255,-0.852638,3
0.36567283,-0.6750841,2
-0.19256079,-0.31098056,1
-0.67929685,-0.62332356,2
-0.5107211,-0.47924864,2
-0.07285166,-0.9682776,4
-0.30347764,-0.79463696,1
-0.2290293,0.96801925,4
